company_code,pe,pb,peg
002082,25.5,3.2,1.2
688781,25.5,3.2,1.2
688802,25.5,3.2,1.2
301682,25.5,3.2,1.2
688578,25.5,3.2,1.2
301680,25.5,3.2,1.2
688613,25.5,3.2,1.2
688378,25.5,3.2,1.2
301008,25.5,3.2,1.2
920781,25.5,3.2,1.2
688235,25.5,3.2,1.2
688041,25.5,3.2,1.2
605068,25.5,3.2,1.2
301281,25.5,3.2,1.2
601689,25.5,3.2,1.2
603638,25.5,3.2,1.2
600575,25.5,3.2,1.2
688816,25.5,3.2,1.2
300124,25.5,3.2,1.2
688818,25.5,3.2,1.2
000564,25.5,3.2,1.2
603284,25.5,3.2,1.2
688712,25.5,3.2,1.2
001220,25.5,3.2,1.2
900945,25.5,3.2,1.2
688750,25.5,3.2,1.2
688719,25.5,3.2,1.2
688716,25.5,3.2,1.2
688711,25.5,3.2,1.2
688710,25.5,3.2,1.2
688699,25.5,3.2,1.2
688693,25.5,3.2,1.2
688687,25.5,3.2,1.2
688670,25.5,3.2,1.2
688667,25.5,3.2,1.2
688658,25.5,3.2,1.2
688655,25.5,3.2,1.2
688638,25.5,3.2,1.2
688622,25.5,3.2,1.2
688611,25.5,3.2,1.2
688601,25.5,3.2,1.2
688596,25.5,3.2,1.2
688595,25.5,3.2,1.2
688589,25.5,3.2,1.2
688586,25.5,3.2,1.2
688585,25.5,3.2,1.2
688575,25.5,3.2,1.2
688573,25.5,3.2,1.2
688570,25.5,3.2,1.2
688567,25.5,3.2,1.2
688565,25.5,3.2,1.2
688561,25.5,3.2,1.2
688549,25.5,3.2,1.2
688522,25.5,3.2,1.2
688520,25.5,3.2,1.2
688512,25.5,3.2,1.2
688506,25.5,3.2,1.2
688505,25.5,3.2,1.2
688499,25.5,3.2,1.2
688489,25.5,3.2,1.2
688472,25.5,3.2,1.2
688458,25.5,3.2,1.2
688418,25.5,3.2,1.2
688410,25.5,3.2,1.2
688400,25.5,3.2,1.2
688399,25.5,3.2,1.2
688393,25.5,3.2,1.2
688391,25.5,3.2,1.2
688381,25.5,3.2,1.2
688370,25.5,3.2,1.2
688368,25.5,3.2,1.2
688365,25.5,3.2,1.2
688363,25.5,3.2,1.2
688361,25.5,3.2,1.2
688353,25.5,3.2,1.2
688349,25.5,3.2,1.2
688348,25.5,3.2,1.2
688343,25.5,3.2,1.2
688339,25.5,3.2,1.2
688331,25.5,3.2,1.2
688323,25.5,3.2,1.2
688322,25.5,3.2,1.2
688311,25.5,3.2,1.2
688302,25.5,3.2,1.2
688297,25.5,3.2,1.2
688293,25.5,3.2,1.2
688286,25.5,3.2,1.2
688275,25.5,3.2,1.2
688266,25.5,3.2,1.2
688256,25.5,3.2,1.2
688244,25.5,3.2,1.2
688228,25.5,3.2,1.2
688221,25.5,3.2,1.2
688211,25.5,3.2,1.2
688210,25.5,3.2,1.2
688207,25.5,3.2,1.2
688203,25.5,3.2,1.2
688202,25.5,3.2,1.2
688199,25.5,3.2,1.2
688193,25.5,3.2,1.2
688189,25.5,3.2,1.2
688180,25.5,3.2,1.2
688178,25.5,3.2,1.2
688176,25.5,3.2,1.2
688175,25.5,3.2,1.2
688173,25.5,3.2,1.2
688170,25.5,3.2,1.2
688166,25.5,3.2,1.2
688159,25.5,3.2,1.2
688152,25.5,3.2,1.2
688141,25.5,3.2,1.2
688137,25.5,3.2,1.2
688136,25.5,3.2,1.2
688135,25.5,3.2,1.2
688132,25.5,3.2,1.2
688109,25.5,3.2,1.2
688108,25.5,3.2,1.2
688096,25.5,3.2,1.2
688083,25.5,3.2,1.2
688076,25.5,3.2,1.2
688075,25.5,3.2,1.2
688066,25.5,3.2,1.2
688061,25.5,3.2,1.2
688060,25.5,3.2,1.2
688055,25.5,3.2,1.2
688053,25.5,3.2,1.2
688052,25.5,3.2,1.2
688033,25.5,3.2,1.2
688022,25.5,3.2,1.2
688013,25.5,3.2,1.2
688007,25.5,3.2,1.2
688001,25.5,3.2,1.2
605208,25.5,3.2,1.2
605199,25.5,3.2,1.2
603988,25.5,3.2,1.2
603922,25.5,3.2,1.2
603900,25.5,3.2,1.2
603887,25.5,3.2,1.2
603880,25.5,3.2,1.2
603869,25.5,3.2,1.2
603843,25.5,3.2,1.2
603838,25.5,3.2,1.2
603828,25.5,3.2,1.2
603826,25.5,3.2,1.2
603822,25.5,3.2,1.2
603813,25.5,3.2,1.2
603789,25.5,3.2,1.2
603737,25.5,3.2,1.2
603729,25.5,3.2,1.2
603718,25.5,3.2,1.2
603711,25.5,3.2,1.2
603703,25.5,3.2,1.2
603685,25.5,3.2,1.2
603668,25.5,3.2,1.2
603665,25.5,3.2,1.2
603602,25.5,3.2,1.2
603595,25.5,3.2,1.2
603580,25.5,3.2,1.2
603578,25.5,3.2,1.2
603567,25.5,3.2,1.2
603559,25.5,3.2,1.2
603527,25.5,3.2,1.2
603520,25.5,3.2,1.2
603486,25.5,3.2,1.2
603429,25.5,3.2,1.2
603398,25.5,3.2,1.2
603389,25.5,3.2,1.2
603381,25.5,3.2,1.2
603378,25.5,3.2,1.2
603363,25.5,3.2,1.2
603348,25.5,3.2,1.2
603313,25.5,3.2,1.2
603278,25.5,3.2,1.2
603268,25.5,3.2,1.2
603260,25.5,3.2,1.2
603255,25.5,3.2,1.2
603189,25.5,3.2,1.2
603158,25.5,3.2,1.2
603113,25.5,3.2,1.2
603108,25.5,3.2,1.2
603103,25.5,3.2,1.2
603056,25.5,3.2,1.2
603033,25.5,3.2,1.2
603030,25.5,3.2,1.2
601995,25.5,3.2,1.2
601991,25.5,3.2,1.2
601666,25.5,3.2,1.2
601606,25.5,3.2,1.2
601555,25.5,3.2,1.2
601515,25.5,3.2,1.2
601375,25.5,3.2,1.2
601366,25.5,3.2,1.2
601360,25.5,3.2,1.2
601238,25.5,3.2,1.2
601177,25.5,3.2,1.2
601162,25.5,3.2,1.2
601111,25.5,3.2,1.2
601088,25.5,3.2,1.2
601069,25.5,3.2,1.2
600969,25.5,3.2,1.2
600960,25.5,3.2,1.2
600929,25.5,3.2,1.2
600892,25.5,3.2,1.2
600889,25.5,3.2,1.2
600884,25.5,3.2,1.2
600876,25.5,3.2,1.2
600830,25.5,3.2,1.2
600810,25.5,3.2,1.2
600794,25.5,3.2,1.2
600774,25.5,3.2,1.2
600759,25.5,3.2,1.2
600756,25.5,3.2,1.2
600745,25.5,3.2,1.2
600744,25.5,3.2,1.2
600739,25.5,3.2,1.2
600734,25.5,3.2,1.2
600730,25.5,3.2,1.2
600727,25.5,3.2,1.2
600715,25.5,3.2,1.2
600703,25.5,3.2,1.2
600678,25.5,3.2,1.2
600661,25.5,3.2,1.2
600655,25.5,3.2,1.2
600643,25.5,3.2,1.2
600636,25.5,3.2,1.2
600608,25.5,3.2,1.2
600590,25.5,3.2,1.2
600589,25.5,3.2,1.2
600569,25.5,3.2,1.2
600550,25.5,3.2,1.2
600547,25.5,3.2,1.2
600543,25.5,3.2,1.2
600490,25.5,3.2,1.2
600476,25.5,3.2,1.2
600448,25.5,3.2,1.2
600439,25.5,3.2,1.2
600382,25.5,3.2,1.2
600365,25.5,3.2,1.2
600343,25.5,3.2,1.2
600308,25.5,3.2,1.2
600303,25.5,3.2,1.2
600293,25.5,3.2,1.2
600257,25.5,3.2,1.2
600238,25.5,3.2,1.2
600228,25.5,3.2,1.2
600221,25.5,3.2,1.2
600208,25.5,3.2,1.2
600193,25.5,3.2,1.2
600191,25.5,3.2,1.2
600180,25.5,3.2,1.2
600179,25.5,3.2,1.2
600178,25.5,3.2,1.2
600158,25.5,3.2,1.2
600157,25.5,3.2,1.2
600155,25.5,3.2,1.2
600129,25.5,3.2,1.2
600115,25.5,3.2,1.2
600107,25.5,3.2,1.2
600095,25.5,3.2,1.2
600078,25.5,3.2,1.2
600067,25.5,3.2,1.2
600055,25.5,3.2,1.2
600053,25.5,3.2,1.2
600052,25.5,3.2,1.2
600029,25.5,3.2,1.2
600021,25.5,3.2,1.2
301629,25.5,3.2,1.2
301559,25.5,3.2,1.2
301520,25.5,3.2,1.2
301338,25.5,3.2,1.2
301327,25.5,3.2,1.2
301322,25.5,3.2,1.2
301210,25.5,3.2,1.2
301112,25.5,3.2,1.2
301105,25.5,3.2,1.2
301102,25.5,3.2,1.2
300876,25.5,3.2,1.2
300860,25.5,3.2,1.2
300778,25.5,3.2,1.2
300767,25.5,3.2,1.2
300730,25.5,3.2,1.2
300721,25.5,3.2,1.2
300702,25.5,3.2,1.2
300659,25.5,3.2,1.2
300626,25.5,3.2,1.2
300621,25.5,3.2,1.2
300600,25.5,3.2,1.2
300567,25.5,3.2,1.2
300556,25.5,3.2,1.2
300520,25.5,3.2,1.2
300479,25.5,3.2,1.2
300439,25.5,3.2,1.2
300436,25.5,3.2,1.2
300413,25.5,3.2,1.2
300390,25.5,3.2,1.2
300351,25.5,3.2,1.2
300345,25.5,3.2,1.2
300344,25.5,3.2,1.2
300338,25.5,3.2,1.2
300308,25.5,3.2,1.2
300301,25.5,3.2,1.2
300295,25.5,3.2,1.2
300291,25.5,3.2,1.2
300264,25.5,3.2,1.2
300261,25.5,3.2,1.2
300213,25.5,3.2,1.2
300177,25.5,3.2,1.2
300150,25.5,3.2,1.2
300148,25.5,3.2,1.2
300112,25.5,3.2,1.2
300098,25.5,3.2,1.2
300091,25.5,3.2,1.2
300076,25.5,3.2,1.2
300069,25.5,3.2,1.2
300062,25.5,3.2,1.2
300057,25.5,3.2,1.2
300032,25.5,3.2,1.2
200761,25.5,3.2,1.2
200505,25.5,3.2,1.2
200488,25.5,3.2,1.2
200056,25.5,3.2,1.2
200055,25.5,3.2,1.2
200026,25.5,3.2,1.2
200016,25.5,3.2,1.2
200012,25.5,3.2,1.2
200011,25.5,3.2,1.2
003040,25.5,3.2,1.2
003032,25.5,3.2,1.2
003030,25.5,3.2,1.2
003028,25.5,3.2,1.2
003026,25.5,3.2,1.2
002995,25.5,3.2,1.2
002989,25.5,3.2,1.2
002975,25.5,3.2,1.2
002957,25.5,3.2,1.2
002955,25.5,3.2,1.2
002951,25.5,3.2,1.2
002950,25.5,3.2,1.2
002933,25.5,3.2,1.2
002932,25.5,3.2,1.2
002929,25.5,3.2,1.2
002927,25.5,3.2,1.2
002913,25.5,3.2,1.2
002909,25.5,3.2,1.2
002905,25.5,3.2,1.2
002898,25.5,3.2,1.2
002885,25.5,3.2,1.2
002878,25.5,3.2,1.2
002862,25.5,3.2,1.2
002857,25.5,3.2,1.2
002856,25.5,3.2,1.2
002855,25.5,3.2,1.2
002840,25.5,3.2,1.2
002829,25.5,3.2,1.2
002822,25.5,3.2,1.2
002819,25.5,3.2,1.2
002808,25.5,3.2,1.2
002805,25.5,3.2,1.2
002798,25.5,3.2,1.2
002796,25.5,3.2,1.2
002793,25.5,3.2,1.2
002789,25.5,3.2,1.2
002785,25.5,3.2,1.2
002780,25.5,3.2,1.2
002779,25.5,3.2,1.2
002775,25.5,3.2,1.2
002743,25.5,3.2,1.2
002735,25.5,3.2,1.2
002731,25.5,3.2,1.2
002726,25.5,3.2,1.2
002725,25.5,3.2,1.2
002723,25.5,3.2,1.2
002719,25.5,3.2,1.2
002717,25.5,3.2,1.2
002713,25.5,3.2,1.2
002712,25.5,3.2,1.2
002707,25.5,3.2,1.2
002702,25.5,3.2,1.2
002694,25.5,3.2,1.2
002692,25.5,3.2,1.2
002688,25.5,3.2,1.2
002682,25.5,3.2,1.2
002681,25.5,3.2,1.2
002677,25.5,3.2,1.2
002674,25.5,3.2,1.2
002667,25.5,3.2,1.2
002663,25.5,3.2,1.2
002660,25.5,3.2,1.2
002659,25.5,3.2,1.2
002654,25.5,3.2,1.2
002652,25.5,3.2,1.2
002647,25.5,3.2,1.2
002640,25.5,3.2,1.2
002638,25.5,3.2,1.2
002634,25.5,3.2,1.2
002633,25.5,3.2,1.2
002630,25.5,3.2,1.2
002624,25.5,3.2,1.2
002623,25.5,3.2,1.2
002622,25.5,3.2,1.2
002607,25.5,3.2,1.2
002591,25.5,3.2,1.2
002586,25.5,3.2,1.2
002584,25.5,3.2,1.2
002583,25.5,3.2,1.2
002582,25.5,3.2,1.2
002579,25.5,3.2,1.2
002578,25.5,3.2,1.2
002574,25.5,3.2,1.2
002567,25.5,3.2,1.2
002562,25.5,3.2,1.2
002557,25.5,3.2,1.2
002554,25.5,3.2,1.2
002548,25.5,3.2,1.2
002547,25.5,3.2,1.2
002543,25.5,3.2,1.2
002542,25.5,3.2,1.2
002529,25.5,3.2,1.2
002524,25.5,3.2,1.2
002515,25.5,3.2,1.2
002514,25.5,3.2,1.2
002506,25.5,3.2,1.2
002501,25.5,3.2,1.2
002496,25.5,3.2,1.2
002491,25.5,3.2,1.2
002485,25.5,3.2,1.2
002481,25.5,3.2,1.2
002480,25.5,3.2,1.2
002471,25.5,3.2,1.2
002465,25.5,3.2,1.2
002453,25.5,3.2,1.2
002436,25.5,3.2,1.2
002428,25.5,3.2,1.2
002427,25.5,3.2,1.2
002426,25.5,3.2,1.2
002425,25.5,3.2,1.2
002424,25.5,3.2,1.2
002423,25.5,3.2,1.2
002421,25.5,3.2,1.2
002399,25.5,3.2,1.2
002388,25.5,3.2,1.2
002386,25.5,3.2,1.2
002385,25.5,3.2,1.2
002383,25.5,3.2,1.2
002382,25.5,3.2,1.2
002379,25.5,3.2,1.2
002374,25.5,3.2,1.2
002370,25.5,3.2,1.2
002368,25.5,3.2,1.2
002362,25.5,3.2,1.2
002360,25.5,3.2,1.2
002356,25.5,3.2,1.2
002355,25.5,3.2,1.2
002348,25.5,3.2,1.2
002347,25.5,3.2,1.2
002342,25.5,3.2,1.2
002331,25.5,3.2,1.2
002329,25.5,3.2,1.2
002323,25.5,3.2,1.2
002321,25.5,3.2,1.2
002319,25.5,3.2,1.2
002314,25.5,3.2,1.2
002310,25.5,3.2,1.2
002306,25.5,3.2,1.2
002305,25.5,3.2,1.2
002298,25.5,3.2,1.2
002291,25.5,3.2,1.2
002289,25.5,3.2,1.2
002285,25.5,3.2,1.2
002269,25.5,3.2,1.2
002261,25.5,3.2,1.2
002256,25.5,3.2,1.2
002254,25.5,3.2,1.2
002248,25.5,3.2,1.2
002235,25.5,3.2,1.2
002234,25.5,3.2,1.2
002221,25.5,3.2,1.2
002218,25.5,3.2,1.2
002208,25.5,3.2,1.2
002205,25.5,3.2,1.2
002193,25.5,3.2,1.2
002189,25.5,3.2,1.2
002187,25.5,3.2,1.2
002186,25.5,3.2,1.2
002184,25.5,3.2,1.2
002183,25.5,3.2,1.2
002178,25.5,3.2,1.2
002176,25.5,3.2,1.2
002175,25.5,3.2,1.2
002174,25.5,3.2,1.2
002168,25.5,3.2,1.2
002167,25.5,3.2,1.2
002165,25.5,3.2,1.2
002157,25.5,3.2,1.2
002153,25.5,3.2,1.2
002146,25.5,3.2,1.2
002141,25.5,3.2,1.2
002136,25.5,3.2,1.2
002135,25.5,3.2,1.2
002131,25.5,3.2,1.2
002124,25.5,3.2,1.2
002122,25.5,3.2,1.2
002121,25.5,3.2,1.2
002100,25.5,3.2,1.2
002092,25.5,3.2,1.2
002088,25.5,3.2,1.2
002084,25.5,3.2,1.2
002074,25.5,3.2,1.2
002069,25.5,3.2,1.2
002068,25.5,3.2,1.2
002059,25.5,3.2,1.2
002052,25.5,3.2,1.2
002042,25.5,3.2,1.2
002041,25.5,3.2,1.2
002038,25.5,3.2,1.2
002037,25.5,3.2,1.2
002036,25.5,3.2,1.2
002031,25.5,3.2,1.2
002030,25.5,3.2,1.2
002024,25.5,3.2,1.2
002022,25.5,3.2,1.2
001979,25.5,3.2,1.2
001896,25.5,3.2,1.2
001331,25.5,3.2,1.2
001330,25.5,3.2,1.2
001326,25.5,3.2,1.2
001306,25.5,3.2,1.2
001300,25.5,3.2,1.2
001278,25.5,3.2,1.2
001255,25.5,3.2,1.2
001218,25.5,3.2,1.2
001211,25.5,3.2,1.2
001201,25.5,3.2,1.2
000998,25.5,3.2,1.2
000995,25.5,3.2,1.2
000990,25.5,3.2,1.2
000983,25.5,3.2,1.2
000966,25.5,3.2,1.2
000937,25.5,3.2,1.2
000926,25.5,3.2,1.2
000925,25.5,3.2,1.2
000911,25.5,3.2,1.2
000910,25.5,3.2,1.2
000909,25.5,3.2,1.2
000898,25.5,3.2,1.2
000892,25.5,3.2,1.2
000886,25.5,3.2,1.2
000882,25.5,3.2,1.2
000877,25.5,3.2,1.2
000876,25.5,3.2,1.2
000875,25.5,3.2,1.2
000863,25.5,3.2,1.2
000839,25.5,3.2,1.2
000838,25.5,3.2,1.2
000830,25.5,3.2,1.2
000825,25.5,3.2,1.2
000822,25.5,3.2,1.2
000820,25.5,3.2,1.2
000818,25.5,3.2,1.2
000815,25.5,3.2,1.2
000813,25.5,3.2,1.2
000812,25.5,3.2,1.2
000802,25.5,3.2,1.2
000799,25.5,3.2,1.2
000797,25.5,3.2,1.2
000793,25.5,3.2,1.2
000790,25.5,3.2,1.2
000789,25.5,3.2,1.2
000785,25.5,3.2,1.2
000783,25.5,3.2,1.2
000762,25.5,3.2,1.2
000761,25.5,3.2,1.2
000759,25.5,3.2,1.2
000750,25.5,3.2,1.2
000736,25.5,3.2,1.2
000735,25.5,3.2,1.2
000731,25.5,3.2,1.2
000727,25.5,3.2,1.2
000721,25.5,3.2,1.2
000720,25.5,3.2,1.2
000718,25.5,3.2,1.2
000716,25.5,3.2,1.2
000712,25.5,3.2,1.2
000711,25.5,3.2,1.2
000698,25.5,3.2,1.2
000697,25.5,3.2,1.2
000685,25.5,3.2,1.2
000679,25.5,3.2,1.2
000678,25.5,3.2,1.2
000669,25.5,3.2,1.2
000668,25.5,3.2,1.2
000661,25.5,3.2,1.2
000656,25.5,3.2,1.2
000652,25.5,3.2,1.2
000639,25.5,3.2,1.2
000638,25.5,3.2,1.2
000629,25.5,3.2,1.2
000623,25.5,3.2,1.2
000620,25.5,3.2,1.2
000619,25.5,3.2,1.2
000610,25.5,3.2,1.2
000608,25.5,3.2,1.2
000607,25.5,3.2,1.2
000599,25.5,3.2,1.2
000592,25.5,3.2,1.2
000566,25.5,3.2,1.2
000561,25.5,3.2,1.2
000560,25.5,3.2,1.2
000555,25.5,3.2,1.2
000547,25.5,3.2,1.2
000537,25.5,3.2,1.2
000524,25.5,3.2,1.2
000520,25.5,3.2,1.2
000517,25.5,3.2,1.2
000514,25.5,3.2,1.2
000509,25.5,3.2,1.2
000505,25.5,3.2,1.2
000503,25.5,3.2,1.2
000488,25.5,3.2,1.2
000410,25.5,3.2,1.2
000402,25.5,3.2,1.2
000159,25.5,3.2,1.2
000090,25.5,3.2,1.2
000078,25.5,3.2,1.2
000070,25.5,3.2,1.2
000069,25.5,3.2,1.2
000056,25.5,3.2,1.2
000055,25.5,3.2,1.2
000042,25.5,3.2,1.2
000039,25.5,3.2,1.2
000031,25.5,3.2,1.2
000026,25.5,3.2,1.2
000016,25.5,3.2,1.2
000012,25.5,3.2,1.2
000011,25.5,3.2,1.2
000010,25.5,3.2,1.2
000008,25.5,3.2,1.2
000006,25.5,3.2,1.2
000004,25.5,3.2,1.2
000002,25.5,3.2,1.2
920964,25.5,3.2,1.2
920961,25.5,3.2,1.2
920957,25.5,3.2,1.2
920895,25.5,3.2,1.2
920871,25.5,3.2,1.2
920748,25.5,3.2,1.2
920719,25.5,3.2,1.2
920575,25.5,3.2,1.2
920496,25.5,3.2,1.2
920489,25.5,3.2,1.2
920469,25.5,3.2,1.2
920402,25.5,3.2,1.2
920266,25.5,3.2,1.2
920249,25.5,3.2,1.2
920230,25.5,3.2,1.2
920199,25.5,3.2,1.2
920175,25.5,3.2,1.2
920169,25.5,3.2,1.2
920152,25.5,3.2,1.2
920092,25.5,3.2,1.2
920087,25.5,3.2,1.2
900941,25.5,3.2,1.2
900923,25.5,3.2,1.2
900916,25.5,3.2,1.2
900906,25.5,3.2,1.2
689009,25.5,3.2,1.2
688800,25.5,3.2,1.2
688796,25.5,3.2,1.2
688776,25.5,3.2,1.2
688733,25.5,3.2,1.2
688695,25.5,3.2,1.2
688682,25.5,3.2,1.2
688669,25.5,3.2,1.2
688661,25.5,3.2,1.2
688651,25.5,3.2,1.2
688648,25.5,3.2,1.2
688602,25.5,3.2,1.2
688600,25.5,3.2,1.2
688590,25.5,3.2,1.2
688556,25.5,3.2,1.2
688553,25.5,3.2,1.2
688530,25.5,3.2,1.2
688498,25.5,3.2,1.2
688496,25.5,3.2,1.2
688443,25.5,3.2,1.2
688428,25.5,3.2,1.2
688426,25.5,3.2,1.2
688408,25.5,3.2,1.2
688390,25.5,3.2,1.2
688382,25.5,3.2,1.2
688379,25.5,3.2,1.2
688372,25.5,3.2,1.2
688369,25.5,3.2,1.2
688359,25.5,3.2,1.2
688335,25.5,3.2,1.2
688330,25.5,3.2,1.2
688329,25.5,3.2,1.2
688298,25.5,3.2,1.2
688288,25.5,3.2,1.2
688280,25.5,3.2,1.2
688265,25.5,3.2,1.2
688258,25.5,3.2,1.2
688247,25.5,3.2,1.2
688246,25.5,3.2,1.2
688236,25.5,3.2,1.2
688231,25.5,3.2,1.2
688212,25.5,3.2,1.2
688186,25.5,3.2,1.2
688183,25.5,3.2,1.2
688182,25.5,3.2,1.2
688168,25.5,3.2,1.2
688162,25.5,3.2,1.2
688160,25.5,3.2,1.2
688157,25.5,3.2,1.2
688156,25.5,3.2,1.2
688151,25.5,3.2,1.2
688148,25.5,3.2,1.2
688119,25.5,3.2,1.2
688107,25.5,3.2,1.2
688105,25.5,3.2,1.2
688079,25.5,3.2,1.2
688070,25.5,3.2,1.2
688069,25.5,3.2,1.2
688036,25.5,3.2,1.2
688031,25.5,3.2,1.2
688025,25.5,3.2,1.2
688020,25.5,3.2,1.2
688017,25.5,3.2,1.2
605599,25.5,3.2,1.2
605567,25.5,3.2,1.2
605305,25.5,3.2,1.2
605298,25.5,3.2,1.2
605277,25.5,3.2,1.2
605138,25.5,3.2,1.2
605100,25.5,3.2,1.2
605081,25.5,3.2,1.2
605001,25.5,3.2,1.2
603997,25.5,3.2,1.2
603990,25.5,3.2,1.2
603985,25.5,3.2,1.2
603980,25.5,3.2,1.2
603978,25.5,3.2,1.2
603976,25.5,3.2,1.2
603928,25.5,3.2,1.2
603906,25.5,3.2,1.2
603800,25.5,3.2,1.2
603716,25.5,3.2,1.2
603598,25.5,3.2,1.2
603585,25.5,3.2,1.2
603392,25.5,3.2,1.2
603324,25.5,3.2,1.2
603226,25.5,3.2,1.2
603200,25.5,3.2,1.2
603196,25.5,3.2,1.2
603183,25.5,3.2,1.2
603180,25.5,3.2,1.2
603177,25.5,3.2,1.2
603173,25.5,3.2,1.2
603168,25.5,3.2,1.2
603118,25.5,3.2,1.2
603059,25.5,3.2,1.2
603038,25.5,3.2,1.2
603028,25.5,3.2,1.2
601901,25.5,3.2,1.2
601636,25.5,3.2,1.2
601609,25.5,3.2,1.2
601566,25.5,3.2,1.2
601233,25.5,3.2,1.2
601208,25.5,3.2,1.2
601118,25.5,3.2,1.2
601010,25.5,3.2,1.2
601003,25.5,3.2,1.2
600995,25.5,3.2,1.2
600971,25.5,3.2,1.2
600918,25.5,3.2,1.2
600879,25.5,3.2,1.2
600857,25.5,3.2,1.2
600827,25.5,3.2,1.2
600815,25.5,3.2,1.2
600808,25.5,3.2,1.2
600802,25.5,3.2,1.2
600793,25.5,3.2,1.2
600790,25.5,3.2,1.2
600776,25.5,3.2,1.2
600758,25.5,3.2,1.2
600753,25.5,3.2,1.2
600718,25.5,3.2,1.2
600707,25.5,3.2,1.2
600692,25.5,3.2,1.2
600684,25.5,3.2,1.2
600679,25.5,3.2,1.2
600675,25.5,3.2,1.2
600635,25.5,3.2,1.2
600624,25.5,3.2,1.2
600610,25.5,3.2,1.2
600533,25.5,3.2,1.2
600468,25.5,3.2,1.2
600395,25.5,3.2,1.2
600392,25.5,3.2,1.2
600378,25.5,3.2,1.2
600366,25.5,3.2,1.2
600356,25.5,3.2,1.2
600337,25.5,3.2,1.2
600328,25.5,3.2,1.2
600327,25.5,3.2,1.2
600255,25.5,3.2,1.2
600252,25.5,3.2,1.2
600243,25.5,3.2,1.2
600227,25.5,3.2,1.2
600206,25.5,3.2,1.2
600187,25.5,3.2,1.2
600183,25.5,3.2,1.2
600166,25.5,3.2,1.2
600150,25.5,3.2,1.2
600076,25.5,3.2,1.2
301590,25.5,3.2,1.2
301577,25.5,3.2,1.2
301567,25.5,3.2,1.2
301533,25.5,3.2,1.2
301486,25.5,3.2,1.2
301428,25.5,3.2,1.2
301418,25.5,3.2,1.2
301396,25.5,3.2,1.2
301372,25.5,3.2,1.2
301349,25.5,3.2,1.2
301325,25.5,3.2,1.2
301321,25.5,3.2,1.2
301317,25.5,3.2,1.2
301307,25.5,3.2,1.2
301297,25.5,3.2,1.2
301296,25.5,3.2,1.2
301292,25.5,3.2,1.2
301288,25.5,3.2,1.2
301285,25.5,3.2,1.2
301273,25.5,3.2,1.2
301272,25.5,3.2,1.2
301268,25.5,3.2,1.2
301248,25.5,3.2,1.2
301239,25.5,3.2,1.2
301238,25.5,3.2,1.2
301237,25.5,3.2,1.2
301228,25.5,3.2,1.2
301220,25.5,3.2,1.2
301218,25.5,3.2,1.2
301213,25.5,3.2,1.2
301168,25.5,3.2,1.2
301166,25.5,3.2,1.2
301155,25.5,3.2,1.2
301152,25.5,3.2,1.2
301141,25.5,3.2,1.2
301136,25.5,3.2,1.2
301133,25.5,3.2,1.2
301123,25.5,3.2,1.2
301122,25.5,3.2,1.2
301108,25.5,3.2,1.2
301097,25.5,3.2,1.2
301096,25.5,3.2,1.2
301081,25.5,3.2,1.2
301077,25.5,3.2,1.2
301068,25.5,3.2,1.2
301052,25.5,3.2,1.2
301051,25.5,3.2,1.2
301049,25.5,3.2,1.2
301042,25.5,3.2,1.2
301040,25.5,3.2,1.2
301037,25.5,3.2,1.2
301030,25.5,3.2,1.2
301024,25.5,3.2,1.2
301002,25.5,3.2,1.2
300998,25.5,3.2,1.2
300986,25.5,3.2,1.2
300982,25.5,3.2,1.2
300981,25.5,3.2,1.2
300977,25.5,3.2,1.2
300968,25.5,3.2,1.2
300963,25.5,3.2,1.2
300959,25.5,3.2,1.2
300958,25.5,3.2,1.2
300949,25.5,3.2,1.2
300937,25.5,3.2,1.2
300936,25.5,3.2,1.2
300929,25.5,3.2,1.2
300915,25.5,3.2,1.2
300912,25.5,3.2,1.2
300909,25.5,3.2,1.2
300903,25.5,3.2,1.2
300902,25.5,3.2,1.2
300901,25.5,3.2,1.2
300898,25.5,3.2,1.2
300895,25.5,3.2,1.2
300891,25.5,3.2,1.2
300889,25.5,3.2,1.2
300879,25.5,3.2,1.2
300875,25.5,3.2,1.2
300869,25.5,3.2,1.2
300844,25.5,3.2,1.2
300840,25.5,3.2,1.2
300830,25.5,3.2,1.2
300825,25.5,3.2,1.2
300822,25.5,3.2,1.2
300812,25.5,3.2,1.2
300810,25.5,3.2,1.2
300807,25.5,3.2,1.2
300798,25.5,3.2,1.2
300793,25.5,3.2,1.2
300792,25.5,3.2,1.2
300791,25.5,3.2,1.2
300789,25.5,3.2,1.2
300781,25.5,3.2,1.2
300780,25.5,3.2,1.2
300771,25.5,3.2,1.2
300769,25.5,3.2,1.2
300766,25.5,3.2,1.2
300758,25.5,3.2,1.2
300755,25.5,3.2,1.2
300753,25.5,3.2,1.2
300746,25.5,3.2,1.2
300737,25.5,3.2,1.2
300719,25.5,3.2,1.2
300716,25.5,3.2,1.2
300715,25.5,3.2,1.2
300710,25.5,3.2,1.2
300709,25.5,3.2,1.2
300696,25.5,3.2,1.2
300695,25.5,3.2,1.2
300691,25.5,3.2,1.2
300675,25.5,3.2,1.2
300671,25.5,3.2,1.2
300670,25.5,3.2,1.2
300666,25.5,3.2,1.2
300665,25.5,3.2,1.2
300663,25.5,3.2,1.2
300656,25.5,3.2,1.2
300655,25.5,3.2,1.2
300651,25.5,3.2,1.2
300649,25.5,3.2,1.2
300648,25.5,3.2,1.2
300647,25.5,3.2,1.2
300637,25.5,3.2,1.2
300635,25.5,3.2,1.2
300632,25.5,3.2,1.2
300624,25.5,3.2,1.2
300616,25.5,3.2,1.2
300615,25.5,3.2,1.2
300614,25.5,3.2,1.2
300613,25.5,3.2,1.2
300612,25.5,3.2,1.2
300611,25.5,3.2,1.2
300609,25.5,3.2,1.2
300608,25.5,3.2,1.2
300606,25.5,3.2,1.2
300605,25.5,3.2,1.2
300603,25.5,3.2,1.2
300599,25.5,3.2,1.2
300598,25.5,3.2,1.2
300594,25.5,3.2,1.2
300591,25.5,3.2,1.2
300590,25.5,3.2,1.2
300587,25.5,3.2,1.2
300585,25.5,3.2,1.2
300583,25.5,3.2,1.2
300582,25.5,3.2,1.2
300578,25.5,3.2,1.2
300575,25.5,3.2,1.2
300571,25.5,3.2,1.2
300568,25.5,3.2,1.2
300566,25.5,3.2,1.2
300560,25.5,3.2,1.2
300543,25.5,3.2,1.2
300542,25.5,3.2,1.2
300538,25.5,3.2,1.2
300528,25.5,3.2,1.2
300525,25.5,3.2,1.2
300523,25.5,3.2,1.2
300521,25.5,3.2,1.2
300517,25.5,3.2,1.2
300514,25.5,3.2,1.2
300513,25.5,3.2,1.2
300510,25.5,3.2,1.2
300502,25.5,3.2,1.2
300500,25.5,3.2,1.2
300494,25.5,3.2,1.2
300493,25.5,3.2,1.2
300489,25.5,3.2,1.2
300485,25.5,3.2,1.2
300482,25.5,3.2,1.2
300477,25.5,3.2,1.2
300473,25.5,3.2,1.2
300472,25.5,3.2,1.2
300464,25.5,3.2,1.2
300463,25.5,3.2,1.2
300461,25.5,3.2,1.2
300460,25.5,3.2,1.2
300459,25.5,3.2,1.2
300454,25.5,3.2,1.2
300451,25.5,3.2,1.2
300448,25.5,3.2,1.2
300445,25.5,3.2,1.2
300444,25.5,3.2,1.2
300442,25.5,3.2,1.2
300437,25.5,3.2,1.2
300425,25.5,3.2,1.2
300423,25.5,3.2,1.2
300422,25.5,3.2,1.2
300418,25.5,3.2,1.2
300417,25.5,3.2,1.2
300410,25.5,3.2,1.2
300399,25.5,3.2,1.2
300397,25.5,3.2,1.2
300396,25.5,3.2,1.2
300386,25.5,3.2,1.2
300382,25.5,3.2,1.2
300377,25.5,3.2,1.2
300370,25.5,3.2,1.2
300368,25.5,3.2,1.2
300366,25.5,3.2,1.2
300359,25.5,3.2,1.2
300352,25.5,3.2,1.2
300343,25.5,3.2,1.2
300342,25.5,3.2,1.2
300340,25.5,3.2,1.2
300334,25.5,3.2,1.2
300332,25.5,3.2,1.2
300329,25.5,3.2,1.2
300328,25.5,3.2,1.2
300324,25.5,3.2,1.2
300317,25.5,3.2,1.2
300316,25.5,3.2,1.2
300315,25.5,3.2,1.2
300311,25.5,3.2,1.2
300307,25.5,3.2,1.2
300302,25.5,3.2,1.2
300299,25.5,3.2,1.2
300294,25.5,3.2,1.2
300290,25.5,3.2,1.2
300288,25.5,3.2,1.2
300287,25.5,3.2,1.2
300281,25.5,3.2,1.2
300277,25.5,3.2,1.2
300276,25.5,3.2,1.2
300259,25.5,3.2,1.2
300255,25.5,3.2,1.2
300253,25.5,3.2,1.2
300245,25.5,3.2,1.2
300242,25.5,3.2,1.2
300240,25.5,3.2,1.2
300237,25.5,3.2,1.2
300234,25.5,3.2,1.2
300233,25.5,3.2,1.2
300227,25.5,3.2,1.2
300225,25.5,3.2,1.2
300220,25.5,3.2,1.2
300217,25.5,3.2,1.2
300214,25.5,3.2,1.2
300212,25.5,3.2,1.2
300209,25.5,3.2,1.2
300195,25.5,3.2,1.2
300194,25.5,3.2,1.2
300188,25.5,3.2,1.2
300175,25.5,3.2,1.2
300173,25.5,3.2,1.2
300169,25.5,3.2,1.2
300168,25.5,3.2,1.2
300167,25.5,3.2,1.2
300166,25.5,3.2,1.2
300152,25.5,3.2,1.2
300149,25.5,3.2,1.2
300147,25.5,3.2,1.2
300135,25.5,3.2,1.2
300128,25.5,3.2,1.2
300126,25.5,3.2,1.2
300125,25.5,3.2,1.2
300120,25.5,3.2,1.2
300111,25.5,3.2,1.2
300110,25.5,3.2,1.2
300094,25.5,3.2,1.2
300093,25.5,3.2,1.2
300087,25.5,3.2,1.2
300086,25.5,3.2,1.2
300082,25.5,3.2,1.2
300081,25.5,3.2,1.2
300080,25.5,3.2,1.2
300068,25.5,3.2,1.2
300067,25.5,3.2,1.2
300056,25.5,3.2,1.2
300055,25.5,3.2,1.2
300053,25.5,3.2,1.2
300051,25.5,3.2,1.2
300050,25.5,3.2,1.2
300043,25.5,3.2,1.2
300029,25.5,3.2,1.2
300027,25.5,3.2,1.2
300025,25.5,3.2,1.2
300024,25.5,3.2,1.2
300021,25.5,3.2,1.2
300020,25.5,3.2,1.2
300016,25.5,3.2,1.2
300013,25.5,3.2,1.2
300004,25.5,3.2,1.2
200869,25.5,3.2,1.2
200553,25.5,3.2,1.2
200468,25.5,3.2,1.2
200017,25.5,3.2,1.2
003038,25.5,3.2,1.2
003029,25.5,3.2,1.2
003016,25.5,3.2,1.2
003007,25.5,3.2,1.2
003005,25.5,3.2,1.2
002996,25.5,3.2,1.2
002985,25.5,3.2,1.2
002943,25.5,3.2,1.2
002940,25.5,3.2,1.2
002930,25.5,3.2,1.2
002928,25.5,3.2,1.2
002923,25.5,3.2,1.2
002915,25.5,3.2,1.2
002908,25.5,3.2,1.2
002903,25.5,3.2,1.2
002888,25.5,3.2,1.2
002869,25.5,3.2,1.2
002866,25.5,3.2,1.2
002858,25.5,3.2,1.2
002853,25.5,3.2,1.2
002849,25.5,3.2,1.2
002826,25.5,3.2,1.2
002824,25.5,3.2,1.2
002812,25.5,3.2,1.2
002795,25.5,3.2,1.2
002791,25.5,3.2,1.2
002786,25.5,3.2,1.2
002771,25.5,3.2,1.2
002769,25.5,3.2,1.2
002753,25.5,3.2,1.2
002737,25.5,3.2,1.2
002729,25.5,3.2,1.2
002695,25.5,3.2,1.2
002678,25.5,3.2,1.2
002670,25.5,3.2,1.2
002664,25.5,3.2,1.2
002650,25.5,3.2,1.2
002646,25.5,3.2,1.2
002645,25.5,3.2,1.2
002635,25.5,3.2,1.2
002631,25.5,3.2,1.2
002620,25.5,3.2,1.2
002615,25.5,3.2,1.2
002614,25.5,3.2,1.2
002602,25.5,3.2,1.2
002599,25.5,3.2,1.2
002596,25.5,3.2,1.2
002593,25.5,3.2,1.2
002581,25.5,3.2,1.2
002577,25.5,3.2,1.2
002575,25.5,3.2,1.2
002573,25.5,3.2,1.2
002571,25.5,3.2,1.2
002544,25.5,3.2,1.2
002535,25.5,3.2,1.2
002531,25.5,3.2,1.2
002520,25.5,3.2,1.2
002512,25.5,3.2,1.2
002511,25.5,3.2,1.2
002482,25.5,3.2,1.2
002466,25.5,3.2,1.2
002455,25.5,3.2,1.2
002446,25.5,3.2,1.2
002442,25.5,3.2,1.2
002439,25.5,3.2,1.2
002418,25.5,3.2,1.2
002414,25.5,3.2,1.2
002403,25.5,3.2,1.2
002391,25.5,3.2,1.2
002387,25.5,3.2,1.2
002369,25.5,3.2,1.2
002365,25.5,3.2,1.2
002357,25.5,3.2,1.2
002354,25.5,3.2,1.2
002346,25.5,3.2,1.2
002343,25.5,3.2,1.2
002340,25.5,3.2,1.2
002337,25.5,3.2,1.2
002326,25.5,3.2,1.2
002277,25.5,3.2,1.2
002274,25.5,3.2,1.2
002259,25.5,3.2,1.2
002253,25.5,3.2,1.2
002251,25.5,3.2,1.2
002231,25.5,3.2,1.2
002227,25.5,3.2,1.2
002207,25.5,3.2,1.2
002201,25.5,3.2,1.2
002196,25.5,3.2,1.2
002173,25.5,3.2,1.2
002162,25.5,3.2,1.2
002148,25.5,3.2,1.2
002144,25.5,3.2,1.2
002139,25.5,3.2,1.2
002133,25.5,3.2,1.2
002127,25.5,3.2,1.2
002123,25.5,3.2,1.2
002114,25.5,3.2,1.2
002112,25.5,3.2,1.2
002102,25.5,3.2,1.2
002086,25.5,3.2,1.2
002085,25.5,3.2,1.2
002076,25.5,3.2,1.2
002066,25.5,3.2,1.2
002055,25.5,3.2,1.2
002048,25.5,3.2,1.2
002023,25.5,3.2,1.2
002021,25.5,3.2,1.2
002016,25.5,3.2,1.2
001373,25.5,3.2,1.2
001366,25.5,3.2,1.2
001337,25.5,3.2,1.2
001258,25.5,3.2,1.2
001223,25.5,3.2,1.2
001209,25.5,3.2,1.2
000993,25.5,3.2,1.2
000985,25.5,3.2,1.2
000981,25.5,3.2,1.2
000970,25.5,3.2,1.2
000948,25.5,3.2,1.2
000908,25.5,3.2,1.2
000897,25.5,3.2,1.2
000890,25.5,3.2,1.2
000885,25.5,3.2,1.2
000869,25.5,3.2,1.2
000860,25.5,3.2,1.2
000852,25.5,3.2,1.2
000829,25.5,3.2,1.2
000826,25.5,3.2,1.2
000816,25.5,3.2,1.2
000798,25.5,3.2,1.2
000796,25.5,3.2,1.2
000788,25.5,3.2,1.2
000778,25.5,3.2,1.2
000767,25.5,3.2,1.2
000752,25.5,3.2,1.2
000710,25.5,3.2,1.2
000702,25.5,3.2,1.2
000692,25.5,3.2,1.2
000677,25.5,3.2,1.2
000659,25.5,3.2,1.2
000632,25.5,3.2,1.2
000628,25.5,3.2,1.2
000626,25.5,3.2,1.2
000615,25.5,3.2,1.2
000609,25.5,3.2,1.2
000590,25.5,3.2,1.2
000571,25.5,3.2,1.2
000553,25.5,3.2,1.2
000546,25.5,3.2,1.2
000545,25.5,3.2,1.2
000531,25.5,3.2,1.2
000523,25.5,3.2,1.2
000301,25.5,3.2,1.2
000062,25.5,3.2,1.2
000050,25.5,3.2,1.2
000048,25.5,3.2,1.2
000017,25.5,3.2,1.2
920985,25.5,3.2,1.2
920932,25.5,3.2,1.2
920931,25.5,3.2,1.2
920906,25.5,3.2,1.2
920885,25.5,3.2,1.2
920857,25.5,3.2,1.2
920792,25.5,3.2,1.2
920786,25.5,3.2,1.2
920765,25.5,3.2,1.2
920718,25.5,3.2,1.2
920665,25.5,3.2,1.2
920642,25.5,3.2,1.2
920641,25.5,3.2,1.2
920592,25.5,3.2,1.2
920579,25.5,3.2,1.2
920578,25.5,3.2,1.2
920576,25.5,3.2,1.2
920553,25.5,3.2,1.2
920522,25.5,3.2,1.2
920508,25.5,3.2,1.2
920475,25.5,3.2,1.2
920471,25.5,3.2,1.2
920436,25.5,3.2,1.2
920433,25.5,3.2,1.2
920429,25.5,3.2,1.2
920427,25.5,3.2,1.2
920425,25.5,3.2,1.2
920414,25.5,3.2,1.2
920375,25.5,3.2,1.2
920367,25.5,3.2,1.2
920363,25.5,3.2,1.2
920344,25.5,3.2,1.2
920305,25.5,3.2,1.2
920300,25.5,3.2,1.2
920275,25.5,3.2,1.2
920262,25.5,3.2,1.2
920245,25.5,3.2,1.2
920223,25.5,3.2,1.2
920207,25.5,3.2,1.2
920184,25.5,3.2,1.2
920180,25.5,3.2,1.2
920171,25.5,3.2,1.2
920167,25.5,3.2,1.2
920149,25.5,3.2,1.2
920146,25.5,3.2,1.2
920130,25.5,3.2,1.2
920128,25.5,3.2,1.2
920118,25.5,3.2,1.2
920108,25.5,3.2,1.2
920057,25.5,3.2,1.2
920033,25.5,3.2,1.2
920021,25.5,3.2,1.2
920014,25.5,3.2,1.2
920001,25.5,3.2,1.2
900924,25.5,3.2,1.2
688765,25.5,3.2,1.2
688737,25.5,3.2,1.2
688728,25.5,3.2,1.2
688653,25.5,3.2,1.2
688629,25.5,3.2,1.2
688593,25.5,3.2,1.2
688577,25.5,3.2,1.2
688560,25.5,3.2,1.2
688529,25.5,3.2,1.2
688515,25.5,3.2,1.2
688509,25.5,3.2,1.2
688468,25.5,3.2,1.2
688409,25.5,3.2,1.2
688388,25.5,3.2,1.2
688383,25.5,3.2,1.2
688333,25.5,3.2,1.2
688299,25.5,3.2,1.2
688295,25.5,3.2,1.2
688287,25.5,3.2,1.2
688277,25.5,3.2,1.2
688226,25.5,3.2,1.2
688218,25.5,3.2,1.2
688167,25.5,3.2,1.2
688155,25.5,3.2,1.2
688133,25.5,3.2,1.2
688095,25.5,3.2,1.2
688085,25.5,3.2,1.2
688081,25.5,3.2,1.2
688048,25.5,3.2,1.2
688045,25.5,3.2,1.2
688038,25.5,3.2,1.2
688019,25.5,3.2,1.2
605179,25.5,3.2,1.2
605168,25.5,3.2,1.2
605008,25.5,3.2,1.2
603959,25.5,3.2,1.2
603936,25.5,3.2,1.2
603917,25.5,3.2,1.2
603879,25.5,3.2,1.2
603876,25.5,3.2,1.2
603810,25.5,3.2,1.2
603808,25.5,3.2,1.2
603678,25.5,3.2,1.2
603630,25.5,3.2,1.2
603616,25.5,3.2,1.2
603608,25.5,3.2,1.2
603557,25.5,3.2,1.2
603499,25.5,3.2,1.2
603444,25.5,3.2,1.2
603399,25.5,3.2,1.2
603333,25.5,3.2,1.2
603322,25.5,3.2,1.2
603267,25.5,3.2,1.2
603256,25.5,3.2,1.2
603169,25.5,3.2,1.2
603126,25.5,3.2,1.2
603089,25.5,3.2,1.2
603052,25.5,3.2,1.2
603032,25.5,3.2,1.2
601686,25.5,3.2,1.2
601616,25.5,3.2,1.2
601615,25.5,3.2,1.2
601138,25.5,3.2,1.2
601101,25.5,3.2,1.2
601096,25.5,3.2,1.2
600859,25.5,3.2,1.2
600843,25.5,3.2,1.2
600828,25.5,3.2,1.2
600801,25.5,3.2,1.2
600777,25.5,3.2,1.2
600728,25.5,3.2,1.2
600676,25.5,3.2,1.2
600578,25.5,3.2,1.2
600507,25.5,3.2,1.2
600505,25.5,3.2,1.2
600460,25.5,3.2,1.2
600421,25.5,3.2,1.2
600405,25.5,3.2,1.2
600389,25.5,3.2,1.2
600381,25.5,3.2,1.2
600338,25.5,3.2,1.2
600326,25.5,3.2,1.2
600315,25.5,3.2,1.2
600292,25.5,3.2,1.2
600251,25.5,3.2,1.2
600249,25.5,3.2,1.2
600217,25.5,3.2,1.2
600195,25.5,3.2,1.2
600119,25.5,3.2,1.2
600110,25.5,3.2,1.2
600022,25.5,3.2,1.2
600020,25.5,3.2,1.2
301665,25.5,3.2,1.2
301636,25.5,3.2,1.2
301558,25.5,3.2,1.2
301555,25.5,3.2,1.2
301517,25.5,3.2,1.2
301515,25.5,3.2,1.2
301448,25.5,3.2,1.2
301378,25.5,3.2,1.2
301366,25.5,3.2,1.2
301365,25.5,3.2,1.2
301357,25.5,3.2,1.2
301356,25.5,3.2,1.2
301355,25.5,3.2,1.2
301308,25.5,3.2,1.2
301306,25.5,3.2,1.2
301270,25.5,3.2,1.2
301263,25.5,3.2,1.2
301260,25.5,3.2,1.2
301235,25.5,3.2,1.2
301234,25.5,3.2,1.2
301189,25.5,3.2,1.2
301182,25.5,3.2,1.2
301178,25.5,3.2,1.2
301176,25.5,3.2,1.2
301118,25.5,3.2,1.2
301117,25.5,3.2,1.2
301113,25.5,3.2,1.2
301098,25.5,3.2,1.2
301080,25.5,3.2,1.2
301075,25.5,3.2,1.2
301070,25.5,3.2,1.2
301062,25.5,3.2,1.2
301046,25.5,3.2,1.2
301036,25.5,3.2,1.2
301021,25.5,3.2,1.2
301017,25.5,3.2,1.2
301005,25.5,3.2,1.2
301001,25.5,3.2,1.2
300991,25.5,3.2,1.2
300989,25.5,3.2,1.2
300985,25.5,3.2,1.2
300972,25.5,3.2,1.2
300961,25.5,3.2,1.2
300948,25.5,3.2,1.2
300946,25.5,3.2,1.2
300940,25.5,3.2,1.2
300933,25.5,3.2,1.2
300928,25.5,3.2,1.2
300904,25.5,3.2,1.2
300897,25.5,3.2,1.2
300894,25.5,3.2,1.2
300880,25.5,3.2,1.2
300857,25.5,3.2,1.2
300854,25.5,3.2,1.2
300846,25.5,3.2,1.2
300838,25.5,3.2,1.2
300835,25.5,3.2,1.2
300831,25.5,3.2,1.2
300829,25.5,3.2,1.2
300786,25.5,3.2,1.2
300783,25.5,3.2,1.2
300757,25.5,3.2,1.2
300749,25.5,3.2,1.2
300745,25.5,3.2,1.2
300739,25.5,3.2,1.2
300713,25.5,3.2,1.2
300694,25.5,3.2,1.2
300688,25.5,3.2,1.2
300662,25.5,3.2,1.2
300642,25.5,3.2,1.2
300619,25.5,3.2,1.2
300617,25.5,3.2,1.2
300604,25.5,3.2,1.2
300601,25.5,3.2,1.2
300593,25.5,3.2,1.2
300588,25.5,3.2,1.2
300586,25.5,3.2,1.2
300581,25.5,3.2,1.2
300554,25.5,3.2,1.2
300545,25.5,3.2,1.2
300536,25.5,3.2,1.2
300535,25.5,3.2,1.2
300533,25.5,3.2,1.2
300527,25.5,3.2,1.2
300501,25.5,3.2,1.2
300486,25.5,3.2,1.2
300484,25.5,3.2,1.2
300480,25.5,3.2,1.2
300471,25.5,3.2,1.2
300466,25.5,3.2,1.2
300462,25.5,3.2,1.2
300455,25.5,3.2,1.2
300449,25.5,3.2,1.2
300447,25.5,3.2,1.2
300443,25.5,3.2,1.2
300434,25.5,3.2,1.2
300427,25.5,3.2,1.2
300420,25.5,3.2,1.2
300419,25.5,3.2,1.2
300414,25.5,3.2,1.2
300405,25.5,3.2,1.2
300385,25.5,3.2,1.2
300381,25.5,3.2,1.2
300374,25.5,3.2,1.2
300369,25.5,3.2,1.2
300353,25.5,3.2,1.2
300350,25.5,3.2,1.2
300347,25.5,3.2,1.2
300314,25.5,3.2,1.2
300306,25.5,3.2,1.2
300305,25.5,3.2,1.2
300293,25.5,3.2,1.2
300289,25.5,3.2,1.2
300284,25.5,3.2,1.2
300283,25.5,3.2,1.2
300278,25.5,3.2,1.2
300267,25.5,3.2,1.2
300256,25.5,3.2,1.2
300251,25.5,3.2,1.2
300250,25.5,3.2,1.2
300246,25.5,3.2,1.2
300223,25.5,3.2,1.2
300211,25.5,3.2,1.2
300210,25.5,3.2,1.2
300205,25.5,3.2,1.2
300203,25.5,3.2,1.2
300199,25.5,3.2,1.2
300191,25.5,3.2,1.2
300189,25.5,3.2,1.2
300183,25.5,3.2,1.2
300162,25.5,3.2,1.2
300159,25.5,3.2,1.2
300155,25.5,3.2,1.2
300142,25.5,3.2,1.2
300140,25.5,3.2,1.2
300134,25.5,3.2,1.2
300131,25.5,3.2,1.2
300103,25.5,3.2,1.2
300099,25.5,3.2,1.2
300084,25.5,3.2,1.2
300075,25.5,3.2,1.2
300073,25.5,3.2,1.2
300065,25.5,3.2,1.2
300058,25.5,3.2,1.2
300052,25.5,3.2,1.2
300045,25.5,3.2,1.2
300022,25.5,3.2,1.2
300011,25.5,3.2,1.2
300008,25.5,3.2,1.2
300007,25.5,3.2,1.2
200570,25.5,3.2,1.2
200541,25.5,3.2,1.2
200058,25.5,3.2,1.2
200029,25.5,3.2,1.2
003041,25.5,3.2,1.2
003009,25.5,3.2,1.2
003001,25.5,3.2,1.2
002992,25.5,3.2,1.2
002939,25.5,3.2,1.2
002902,25.5,3.2,1.2
002900,25.5,3.2,1.2
002883,25.5,3.2,1.2
002873,25.5,3.2,1.2
002872,25.5,3.2,1.2
002861,25.5,3.2,1.2
002851,25.5,3.2,1.2
002848,25.5,3.2,1.2
002809,25.5,3.2,1.2
002806,25.5,3.2,1.2
002801,25.5,3.2,1.2
002800,25.5,3.2,1.2
002765,25.5,3.2,1.2
002716,25.5,3.2,1.2
002708,25.5,3.2,1.2
002657,25.5,3.2,1.2
002629,25.5,3.2,1.2
002627,25.5,3.2,1.2
002585,25.5,3.2,1.2
002564,25.5,3.2,1.2
002552,25.5,3.2,1.2
002490,25.5,3.2,1.2
002476,25.5,3.2,1.2
002454,25.5,3.2,1.2
002413,25.5,3.2,1.2
002402,25.5,3.2,1.2
002389,25.5,3.2,1.2
002381,25.5,3.2,1.2
002378,25.5,3.2,1.2
002366,25.5,3.2,1.2
002297,25.5,3.2,1.2
002292,25.5,3.2,1.2
002246,25.5,3.2,1.2
002230,25.5,3.2,1.2
002229,25.5,3.2,1.2
002214,25.5,3.2,1.2
002200,25.5,3.2,1.2
002182,25.5,3.2,1.2
002130,25.5,3.2,1.2
002111,25.5,3.2,1.2
002110,25.5,3.2,1.2
002099,25.5,3.2,1.2
002095,25.5,3.2,1.2
002009,25.5,3.2,1.2
001696,25.5,3.2,1.2
001316,25.5,3.2,1.2
001313,25.5,3.2,1.2
001288,25.5,3.2,1.2
001270,25.5,3.2,1.2
001217,25.5,3.2,1.2
000980,25.5,3.2,1.2
000955,25.5,3.2,1.2
000913,25.5,3.2,1.2
000912,25.5,3.2,1.2
000906,25.5,3.2,1.2
000903,25.5,3.2,1.2
000881,25.5,3.2,1.2
000821,25.5,3.2,1.2
000717,25.5,3.2,1.2
000707,25.5,3.2,1.2
000612,25.5,3.2,1.2
000595,25.5,3.2,1.2
000586,25.5,3.2,1.2
000572,25.5,3.2,1.2
000570,25.5,3.2,1.2
000557,25.5,3.2,1.2
000552,25.5,3.2,1.2
000541,25.5,3.2,1.2
000536,25.5,3.2,1.2
000525,25.5,3.2,1.2
000058,25.5,3.2,1.2
000029,25.5,3.2,1.2
920981,25.5,3.2,1.2
920873,25.5,3.2,1.2
920810,25.5,3.2,1.2
920725,25.5,3.2,1.2
920717,25.5,3.2,1.2
920693,25.5,3.2,1.2
920690,25.5,3.2,1.2
920580,25.5,3.2,1.2
920493,25.5,3.2,1.2
920370,25.5,3.2,1.2
920368,25.5,3.2,1.2
920284,25.5,3.2,1.2
920274,25.5,3.2,1.2
920267,25.5,3.2,1.2
920198,25.5,3.2,1.2
920195,25.5,3.2,1.2
920145,25.5,3.2,1.2
920090,25.5,3.2,1.2
920062,25.5,3.2,1.2
920061,25.5,3.2,1.2
920037,25.5,3.2,1.2
920030,25.5,3.2,1.2
920026,25.5,3.2,1.2
920008,25.5,3.2,1.2
920006,25.5,3.2,1.2
900915,25.5,3.2,1.2
688793,25.5,3.2,1.2
688790,25.5,3.2,1.2
688788,25.5,3.2,1.2
688636,25.5,3.2,1.2
688607,25.5,3.2,1.2
688592,25.5,3.2,1.2
688519,25.5,3.2,1.2
688328,25.5,3.2,1.2
688327,25.5,3.2,1.2
688326,25.5,3.2,1.2
688313,25.5,3.2,1.2
688270,25.5,3.2,1.2
688238,25.5,3.2,1.2
688222,25.5,3.2,1.2
688201,25.5,3.2,1.2
688185,25.5,3.2,1.2
688177,25.5,3.2,1.2
688153,25.5,3.2,1.2
688030,25.5,3.2,1.2
688027,25.5,3.2,1.2
688011,25.5,3.2,1.2
605376,25.5,3.2,1.2
605296,25.5,3.2,1.2
605118,25.5,3.2,1.2
605069,25.5,3.2,1.2
603882,25.5,3.2,1.2
603858,25.5,3.2,1.2
603803,25.5,3.2,1.2
603506,25.5,3.2,1.2
603489,25.5,3.2,1.2
603477,25.5,3.2,1.2
603390,25.5,3.2,1.2
603315,25.5,3.2,1.2
603121,25.5,3.2,1.2
603090,25.5,3.2,1.2
603023,25.5,3.2,1.2
601388,25.5,3.2,1.2
601279,25.5,3.2,1.2
601236,25.5,3.2,1.2
601211,25.5,3.2,1.2
601020,25.5,3.2,1.2
601002,25.5,3.2,1.2
600992,25.5,3.2,1.2
600973,25.5,3.2,1.2
600963,25.5,3.2,1.2
600958,25.5,3.2,1.2
600861,25.5,3.2,1.2
600818,25.5,3.2,1.2
600789,25.5,3.2,1.2
600768,25.5,3.2,1.2
600740,25.5,3.2,1.2
600686,25.5,3.2,1.2
600668,25.5,3.2,1.2
600615,25.5,3.2,1.2
600530,25.5,3.2,1.2
600517,25.5,3.2,1.2
600489,25.5,3.2,1.2
600396,25.5,3.2,1.2
600358,25.5,3.2,1.2
600355,25.5,3.2,1.2
600353,25.5,3.2,1.2
600279,25.5,3.2,1.2
600259,25.5,3.2,1.2
600199,25.5,3.2,1.2
600130,25.5,3.2,1.2
600105,25.5,3.2,1.2
600100,25.5,3.2,1.2
600004,25.5,3.2,1.2
301603,25.5,3.2,1.2
301592,25.5,3.2,1.2
301529,25.5,3.2,1.2
301526,25.5,3.2,1.2
301519,25.5,3.2,1.2
301516,25.5,3.2,1.2
301500,25.5,3.2,1.2
301487,25.5,3.2,1.2
301390,25.5,3.2,1.2
301382,25.5,3.2,1.2
301368,25.5,3.2,1.2
301313,25.5,3.2,1.2
301279,25.5,3.2,1.2
301278,25.5,3.2,1.2
301259,25.5,3.2,1.2
301231,25.5,3.2,1.2
301221,25.5,3.2,1.2
301201,25.5,3.2,1.2
301198,25.5,3.2,1.2
301193,25.5,3.2,1.2
301180,25.5,3.2,1.2
301177,25.5,3.2,1.2
301169,25.5,3.2,1.2
301163,25.5,3.2,1.2
301159,25.5,3.2,1.2
301139,25.5,3.2,1.2
301125,25.5,3.2,1.2
301085,25.5,3.2,1.2
301082,25.5,3.2,1.2
301063,25.5,3.2,1.2
301060,25.5,3.2,1.2
301059,25.5,3.2,1.2
301053,25.5,3.2,1.2
301025,25.5,3.2,1.2
300975,25.5,3.2,1.2
300955,25.5,3.2,1.2
300927,25.5,3.2,1.2
300913,25.5,3.2,1.2
300900,25.5,3.2,1.2
300899,25.5,3.2,1.2
300886,25.5,3.2,1.2
300884,25.5,3.2,1.2
300872,25.5,3.2,1.2
300853,25.5,3.2,1.2
300821,25.5,3.2,1.2
300805,25.5,3.2,1.2
300787,25.5,3.2,1.2
300756,25.5,3.2,1.2
300741,25.5,3.2,1.2
300678,25.5,3.2,1.2
300676,25.5,3.2,1.2
300657,25.5,3.2,1.2
300644,25.5,3.2,1.2
300639,25.5,3.2,1.2
300607,25.5,3.2,1.2
300597,25.5,3.2,1.2
300572,25.5,3.2,1.2
300565,25.5,3.2,1.2
300561,25.5,3.2,1.2
300555,25.5,3.2,1.2
300541,25.5,3.2,1.2
300534,25.5,3.2,1.2
300530,25.5,3.2,1.2
300509,25.5,3.2,1.2
300506,25.5,3.2,1.2
300499,25.5,3.2,1.2
300492,25.5,3.2,1.2
300491,25.5,3.2,1.2
300469,25.5,3.2,1.2
300424,25.5,3.2,1.2
300415,25.5,3.2,1.2
300406,25.5,3.2,1.2
300365,25.5,3.2,1.2
300331,25.5,3.2,1.2
300322,25.5,3.2,1.2
300300,25.5,3.2,1.2
300298,25.5,3.2,1.2
300271,25.5,3.2,1.2
300266,25.5,3.2,1.2
300241,25.5,3.2,1.2
300204,25.5,3.2,1.2
300190,25.5,3.2,1.2
300184,25.5,3.2,1.2
300176,25.5,3.2,1.2
300165,25.5,3.2,1.2
300161,25.5,3.2,1.2
300139,25.5,3.2,1.2
300137,25.5,3.2,1.2
300097,25.5,3.2,1.2
300096,25.5,3.2,1.2
300095,25.5,3.2,1.2
300074,25.5,3.2,1.2
300066,25.5,3.2,1.2
300063,25.5,3.2,1.2
300041,25.5,3.2,1.2
300036,25.5,3.2,1.2
300030,25.5,3.2,1.2
300003,25.5,3.2,1.2
003037,25.5,3.2,1.2
003010,25.5,3.2,1.2
003004,25.5,3.2,1.2
002976,25.5,3.2,1.2
002965,25.5,3.2,1.2
002963,25.5,3.2,1.2
002926,25.5,3.2,1.2
002916,25.5,3.2,1.2
002897,25.5,3.2,1.2
002875,25.5,3.2,1.2
002868,25.5,3.2,1.2
002843,25.5,3.2,1.2
002820,25.5,3.2,1.2
002790,25.5,3.2,1.2
002762,25.5,3.2,1.2
002748,25.5,3.2,1.2
002745,25.5,3.2,1.2
002742,25.5,3.2,1.2
002739,25.5,3.2,1.2
002724,25.5,3.2,1.2
002718,25.5,3.2,1.2
002691,25.5,3.2,1.2
002523,25.5,3.2,1.2
002519,25.5,3.2,1.2
002513,25.5,3.2,1.2
002497,25.5,3.2,1.2
002460,25.5,3.2,1.2
002395,25.5,3.2,1.2
002238,25.5,3.2,1.2
002191,25.5,3.2,1.2
002190,25.5,3.2,1.2
002171,25.5,3.2,1.2
002169,25.5,3.2,1.2
002105,25.5,3.2,1.2
002077,25.5,3.2,1.2
002072,25.5,3.2,1.2
002047,25.5,3.2,1.2
000958,25.5,3.2,1.2
000957,25.5,3.2,1.2
000930,25.5,3.2,1.2
000929,25.5,3.2,1.2
000901,25.5,3.2,1.2
000899,25.5,3.2,1.2
000663,25.5,3.2,1.2
000637,25.5,3.2,1.2
000573,25.5,3.2,1.2
000528,25.5,3.2,1.2
000518,25.5,3.2,1.2
000510,25.5,3.2,1.2
000166,25.5,3.2,1.2
000158,25.5,3.2,1.2
000007,25.5,3.2,1.2
920925,25.5,3.2,1.2
920876,25.5,3.2,1.2
920832,25.5,3.2,1.2
920809,25.5,3.2,1.2
920670,25.5,3.2,1.2
920640,25.5,3.2,1.2
920547,25.5,3.2,1.2
920510,25.5,3.2,1.2
920047,25.5,3.2,1.2
900910,25.5,3.2,1.2
688785,25.5,3.2,1.2
688766,25.5,3.2,1.2
688739,25.5,3.2,1.2
688720,25.5,3.2,1.2
688646,25.5,3.2,1.2
688610,25.5,3.2,1.2
688552,25.5,3.2,1.2
688523,25.5,3.2,1.2
688501,25.5,3.2,1.2
688439,25.5,3.2,1.2
688350,25.5,3.2,1.2
688345,25.5,3.2,1.2
688336,25.5,3.2,1.2
688321,25.5,3.2,1.2
688320,25.5,3.2,1.2
688310,25.5,3.2,1.2
688309,25.5,3.2,1.2
688296,25.5,3.2,1.2
688272,25.5,3.2,1.2
688260,25.5,3.2,1.2
688234,25.5,3.2,1.2
688227,25.5,3.2,1.2
688206,25.5,3.2,1.2
688165,25.5,3.2,1.2
688127,25.5,3.2,1.2
688078,25.5,3.2,1.2
688071,25.5,3.2,1.2
688037,25.5,3.2,1.2
688023,25.5,3.2,1.2
688021,25.5,3.2,1.2
688015,25.5,3.2,1.2
688004,25.5,3.2,1.2
605287,25.5,3.2,1.2
605228,25.5,3.2,1.2
605128,25.5,3.2,1.2
605122,25.5,3.2,1.2
603977,25.5,3.2,1.2
603969,25.5,3.2,1.2
603893,25.5,3.2,1.2
603787,25.5,3.2,1.2
603666,25.5,3.2,1.2
603629,25.5,3.2,1.2
603612,25.5,3.2,1.2
603538,25.5,3.2,1.2
603516,25.5,3.2,1.2
603261,25.5,3.2,1.2
603151,25.5,3.2,1.2
603092,25.5,3.2,1.2
603086,25.5,3.2,1.2
603085,25.5,3.2,1.2
603029,25.5,3.2,1.2
603009,25.5,3.2,1.2
601218,25.5,3.2,1.2
600869,25.5,3.2,1.2
600867,25.5,3.2,1.2
600778,25.5,3.2,1.2
600770,25.5,3.2,1.2
600699,25.5,3.2,1.2
600666,25.5,3.2,1.2
600621,25.5,3.2,1.2
600619,25.5,3.2,1.2
600593,25.5,3.2,1.2
600570,25.5,3.2,1.2
600521,25.5,3.2,1.2
600478,25.5,3.2,1.2
600470,25.5,3.2,1.2
600359,25.5,3.2,1.2
600265,25.5,3.2,1.2
600215,25.5,3.2,1.2
600184,25.5,3.2,1.2
600170,25.5,3.2,1.2
600148,25.5,3.2,1.2
600126,25.5,3.2,1.2
600123,25.5,3.2,1.2
600072,25.5,3.2,1.2
600071,25.5,3.2,1.2
301616,25.5,3.2,1.2
301348,25.5,3.2,1.2
301326,25.5,3.2,1.2
301290,25.5,3.2,1.2
301283,25.5,3.2,1.2
301258,25.5,3.2,1.2
301230,25.5,3.2,1.2
301227,25.5,3.2,1.2
301217,25.5,3.2,1.2
301183,25.5,3.2,1.2
301161,25.5,3.2,1.2
301150,25.5,3.2,1.2
301128,25.5,3.2,1.2
301121,25.5,3.2,1.2
301103,25.5,3.2,1.2
301100,25.5,3.2,1.2
301072,25.5,3.2,1.2
301067,25.5,3.2,1.2
301010,25.5,3.2,1.2
300877,25.5,3.2,1.2
300865,25.5,3.2,1.2
300808,25.5,3.2,1.2
300732,25.5,3.2,1.2
300686,25.5,3.2,1.2
300569,25.5,3.2,1.2
300562,25.5,3.2,1.2
300551,25.5,3.2,1.2
300537,25.5,3.2,1.2
300456,25.5,3.2,1.2
300440,25.5,3.2,1.2
300429,25.5,3.2,1.2
300393,25.5,3.2,1.2
300376,25.5,3.2,1.2
300327,25.5,3.2,1.2
300231,25.5,3.2,1.2
300229,25.5,3.2,1.2
300219,25.5,3.2,1.2
300215,25.5,3.2,1.2
300198,25.5,3.2,1.2
300157,25.5,3.2,1.2
300141,25.5,3.2,1.2
300130,25.5,3.2,1.2
300113,25.5,3.2,1.2
300106,25.5,3.2,1.2
300077,25.5,3.2,1.2
300072,25.5,3.2,1.2
300035,25.5,3.2,1.2
200706,25.5,3.2,1.2
003042,25.5,3.2,1.2
003015,25.5,3.2,1.2
002990,25.5,3.2,1.2
002986,25.5,3.2,1.2
002910,25.5,3.2,1.2
002901,25.5,3.2,1.2
002816,25.5,3.2,1.2
002811,25.5,3.2,1.2
002772,25.5,3.2,1.2
002760,25.5,3.2,1.2
002727,25.5,3.2,1.2
002715,25.5,3.2,1.2
002696,25.5,3.2,1.2
002693,25.5,3.2,1.2
002613,25.5,3.2,1.2
002609,25.5,3.2,1.2
002592,25.5,3.2,1.2
002569,25.5,3.2,1.2
002546,25.5,3.2,1.2
002537,25.5,3.2,1.2
002528,25.5,3.2,1.2
002492,25.5,3.2,1.2
002467,25.5,3.2,1.2
002458,25.5,3.2,1.2
002432,25.5,3.2,1.2
002410,25.5,3.2,1.2
002408,25.5,3.2,1.2
002407,25.5,3.2,1.2
002401,25.5,3.2,1.2
002376,25.5,3.2,1.2
002324,25.5,3.2,1.2
002317,25.5,3.2,1.2
002199,25.5,3.2,1.2
002194,25.5,3.2,1.2
002164,25.5,3.2,1.2
002134,25.5,3.2,1.2
002058,25.5,3.2,1.2
002045,25.5,3.2,1.2
002005,25.5,3.2,1.2
001238,25.5,3.2,1.2
000972,25.5,3.2,1.2
000953,25.5,3.2,1.2
000952,25.5,3.2,1.2
000889,25.5,3.2,1.2
000831,25.5,3.2,1.2
000809,25.5,3.2,1.2
000558,25.5,3.2,1.2
000516,25.5,3.2,1.2
000428,25.5,3.2,1.2
000156,25.5,3.2,1.2
000068,25.5,3.2,1.2
920970,25.5,3.2,1.2
920768,25.5,3.2,1.2
920701,25.5,3.2,1.2
920371,25.5,3.2,1.2
920045,25.5,3.2,1.2
688559,25.5,3.2,1.2
688488,25.5,3.2,1.2
688380,25.5,3.2,1.2
688232,25.5,3.2,1.2
688213,25.5,3.2,1.2
688125,25.5,3.2,1.2
688114,25.5,3.2,1.2
688049,25.5,3.2,1.2
603690,25.5,3.2,1.2
603569,25.5,3.2,1.2
603386,25.5,3.2,1.2
603166,25.5,3.2,1.2
603122,25.5,3.2,1.2
600581,25.5,3.2,1.2
600336,25.5,3.2,1.2
600121,25.5,3.2,1.2
302132,25.5,3.2,1.2
301611,25.5,3.2,1.2
301581,25.5,3.2,1.2
301311,25.5,3.2,1.2
301302,25.5,3.2,1.2
301126,25.5,3.2,1.2
301120,25.5,3.2,1.2
301110,25.5,3.2,1.2
301018,25.5,3.2,1.2
300971,25.5,3.2,1.2
300967,25.5,3.2,1.2
300878,25.5,3.2,1.2
300862,25.5,3.2,1.2
300849,25.5,3.2,1.2
300816,25.5,3.2,1.2
300762,25.5,3.2,1.2
300731,25.5,3.2,1.2
300679,25.5,3.2,1.2
300672,25.5,3.2,1.2
300589,25.5,3.2,1.2
300497,25.5,3.2,1.2
300450,25.5,3.2,1.2
300426,25.5,3.2,1.2
300383,25.5,3.2,1.2
300333,25.5,3.2,1.2
300323,25.5,3.2,1.2
300313,25.5,3.2,1.2
300268,25.5,3.2,1.2
300249,25.5,3.2,1.2
300244,25.5,3.2,1.2
300163,25.5,3.2,1.2
300118,25.5,3.2,1.2
300107,25.5,3.2,1.2
300078,25.5,3.2,1.2
300061,25.5,3.2,1.2
200028,25.5,3.2,1.2
002155,25.5,3.2,1.2
000506,25.5,3.2,1.2
000028,25.5,3.2,1.2
900943,25.5,3.2,1.2
900913,25.5,3.2,1.2
900903,25.5,3.2,1.2
688779,25.5,3.2,1.2
688767,25.5,3.2,1.2
688759,25.5,3.2,1.2
688681,25.5,3.2,1.2
688679,25.5,3.2,1.2
688659,25.5,3.2,1.2
688620,25.5,3.2,1.2
688609,25.5,3.2,1.2
688568,25.5,3.2,1.2
688521,25.5,3.2,1.2
688485,25.5,3.2,1.2
688478,25.5,3.2,1.2
688448,25.5,3.2,1.2
688387,25.5,3.2,1.2
688385,25.5,3.2,1.2
688373,25.5,3.2,1.2
688292,25.5,3.2,1.2
688233,25.5,3.2,1.2
688217,25.5,3.2,1.2
688115,25.5,3.2,1.2
688110,25.5,3.2,1.2
688098,25.5,3.2,1.2
688077,25.5,3.2,1.2
688063,25.5,3.2,1.2
688062,25.5,3.2,1.2
688051,25.5,3.2,1.2
688047,25.5,3.2,1.2
688039,25.5,3.2,1.2
688032,25.5,3.2,1.2
688012,25.5,3.2,1.2
605369,25.5,3.2,1.2
605365,25.5,3.2,1.2
605336,25.5,3.2,1.2
603950,25.5,3.2,1.2
603918,25.5,3.2,1.2
603903,25.5,3.2,1.2
603901,25.5,3.2,1.2
603836,25.5,3.2,1.2
603815,25.5,3.2,1.2
603709,25.5,3.2,1.2
603700,25.5,3.2,1.2
603688,25.5,3.2,1.2
603679,25.5,3.2,1.2
603669,25.5,3.2,1.2
603615,25.5,3.2,1.2
603609,25.5,3.2,1.2
603586,25.5,3.2,1.2
603533,25.5,3.2,1.2
603528,25.5,3.2,1.2
603488,25.5,3.2,1.2
603439,25.5,3.2,1.2
603353,25.5,3.2,1.2
603331,25.5,3.2,1.2
603321,25.5,3.2,1.2
603232,25.5,3.2,1.2
603231,25.5,3.2,1.2
603222,25.5,3.2,1.2
603221,25.5,3.2,1.2
603212,25.5,3.2,1.2
603208,25.5,3.2,1.2
603178,25.5,3.2,1.2
603139,25.5,3.2,1.2
603135,25.5,3.2,1.2
603116,25.5,3.2,1.2
603069,25.5,3.2,1.2
603045,25.5,3.2,1.2
603042,25.5,3.2,1.2
603021,25.5,3.2,1.2
603012,25.5,3.2,1.2
603011,25.5,3.2,1.2
603010,25.5,3.2,1.2
603005,25.5,3.2,1.2
601828,25.5,3.2,1.2
601699,25.5,3.2,1.2
601618,25.5,3.2,1.2
601512,25.5,3.2,1.2
601222,25.5,3.2,1.2
601212,25.5,3.2,1.2
601137,25.5,3.2,1.2
601011,25.5,3.2,1.2
600997,25.5,3.2,1.2
600985,25.5,3.2,1.2
600984,25.5,3.2,1.2
600979,25.5,3.2,1.2
600936,25.5,3.2,1.2
600883,25.5,3.2,1.2
600821,25.5,3.2,1.2
600797,25.5,3.2,1.2
600735,25.5,3.2,1.2
600712,25.5,3.2,1.2
600697,25.5,3.2,1.2
600696,25.5,3.2,1.2
600653,25.5,3.2,1.2
600617,25.5,3.2,1.2
600611,25.5,3.2,1.2
600605,25.5,3.2,1.2
600599,25.5,3.2,1.2
600568,25.5,3.2,1.2
600567,25.5,3.2,1.2
600545,25.5,3.2,1.2
600513,25.5,3.2,1.2
600508,25.5,3.2,1.2
600506,25.5,3.2,1.2
600481,25.5,3.2,1.2
600433,25.5,3.2,1.2
600408,25.5,3.2,1.2
600383,25.5,3.2,1.2
600376,25.5,3.2,1.2
600363,25.5,3.2,1.2
600331,25.5,3.2,1.2
600313,25.5,3.2,1.2
600302,25.5,3.2,1.2
600289,25.5,3.2,1.2
600281,25.5,3.2,1.2
600280,25.5,3.2,1.2
600272,25.5,3.2,1.2
600266,25.5,3.2,1.2
600248,25.5,3.2,1.2
600234,25.5,3.2,1.2
600229,25.5,3.2,1.2
600207,25.5,3.2,1.2
600192,25.5,3.2,1.2
600153,25.5,3.2,1.2
600151,25.5,3.2,1.2
600136,25.5,3.2,1.2
600082,25.5,3.2,1.2
600080,25.5,3.2,1.2
600037,25.5,3.2,1.2
301662,25.5,3.2,1.2
301167,25.5,3.2,1.2
300935,25.5,3.2,1.2
300868,25.5,3.2,1.2
300841,25.5,3.2,1.2
300687,25.5,3.2,1.2
300552,25.5,3.2,1.2
300503,25.5,3.2,1.2
300483,25.5,3.2,1.2
300375,25.5,3.2,1.2
300270,25.5,3.2,1.2
300185,25.5,3.2,1.2
300006,25.5,3.2,1.2
200726,25.5,3.2,1.2
200539,25.5,3.2,1.2
003011,25.5,3.2,1.2
002941,25.5,3.2,1.2
002799,25.5,3.2,1.2
002778,25.5,3.2,1.2
002685,25.5,3.2,1.2
002656,25.5,3.2,1.2
002641,25.5,3.2,1.2
002561,25.5,3.2,1.2
002560,25.5,3.2,1.2
002551,25.5,3.2,1.2
002530,25.5,3.2,1.2
002474,25.5,3.2,1.2
002457,25.5,3.2,1.2
002449,25.5,3.2,1.2
002431,25.5,3.2,1.2
002393,25.5,3.2,1.2
002380,25.5,3.2,1.2
002304,25.5,3.2,1.2
002278,25.5,3.2,1.2
002272,25.5,3.2,1.2
002268,25.5,3.2,1.2
002250,25.5,3.2,1.2
002247,25.5,3.2,1.2
002239,25.5,3.2,1.2
002197,25.5,3.2,1.2
002075,25.5,3.2,1.2
002053,25.5,3.2,1.2
001356,25.5,3.2,1.2
001269,25.5,3.2,1.2
001267,25.5,3.2,1.2
000893,25.5,3.2,1.2
000880,25.5,3.2,1.2
000819,25.5,3.2,1.2
000726,25.5,3.2,1.2
000701,25.5,3.2,1.2
000688,25.5,3.2,1.2
000665,25.5,3.2,1.2
000576,25.5,3.2,1.2
000539,25.5,3.2,1.2
920896,25.5,3.2,1.2
920438,25.5,3.2,1.2
920139,25.5,3.2,1.2
900940,25.5,3.2,1.2
688809,25.5,3.2,1.2
688691,25.5,3.2,1.2
688562,25.5,3.2,1.2
688536,25.5,3.2,1.2
688500,25.5,3.2,1.2
688398,25.5,3.2,1.2
688356,25.5,3.2,1.2
688317,25.5,3.2,1.2
688262,25.5,3.2,1.2
688225,25.5,3.2,1.2
688215,25.5,3.2,1.2
688200,25.5,3.2,1.2
688082,25.5,3.2,1.2
688059,25.5,3.2,1.2
688002,25.5,3.2,1.2
605500,25.5,3.2,1.2
605378,25.5,3.2,1.2
605177,25.5,3.2,1.2
603986,25.5,3.2,1.2
603960,25.5,3.2,1.2
603701,25.5,3.2,1.2
603655,25.5,3.2,1.2
603583,25.5,3.2,1.2
603517,25.5,3.2,1.2
603385,25.5,3.2,1.2
603079,25.5,3.2,1.2
603068,25.5,3.2,1.2
601112,25.5,3.2,1.2
601007,25.5,3.2,1.2
600792,25.5,3.2,1.2
600775,25.5,3.2,1.2
600601,25.5,3.2,1.2
600397,25.5,3.2,1.2
600288,25.5,3.2,1.2
600094,25.5,3.2,1.2
600088,25.5,3.2,1.2
600006,25.5,3.2,1.2
301509,25.5,3.2,1.2
301392,25.5,3.2,1.2
301369,25.5,3.2,1.2
301337,25.5,3.2,1.2
301089,25.5,3.2,1.2
301050,25.5,3.2,1.2
301041,25.5,3.2,1.2
301027,25.5,3.2,1.2
301013,25.5,3.2,1.2
300997,25.5,3.2,1.2
300983,25.5,3.2,1.2
300980,25.5,3.2,1.2
300947,25.5,3.2,1.2
300931,25.5,3.2,1.2
300911,25.5,3.2,1.2
300883,25.5,3.2,1.2
300861,25.5,3.2,1.2
300850,25.5,3.2,1.2
300733,25.5,3.2,1.2
300707,25.5,3.2,1.2
300700,25.5,3.2,1.2
300690,25.5,3.2,1.2
300683,25.5,3.2,1.2
300681,25.5,3.2,1.2
300602,25.5,3.2,1.2
300579,25.5,3.2,1.2
300549,25.5,3.2,1.2
300531,25.5,3.2,1.2
300504,25.5,3.2,1.2
300490,25.5,3.2,1.2
300475,25.5,3.2,1.2
300409,25.5,3.2,1.2
300398,25.5,3.2,1.2
300380,25.5,3.2,1.2
300326,25.5,3.2,1.2
300318,25.5,3.2,1.2
300263,25.5,3.2,1.2
300247,25.5,3.2,1.2
300236,25.5,3.2,1.2
300158,25.5,3.2,1.2
300144,25.5,3.2,1.2
300132,25.5,3.2,1.2
300123,25.5,3.2,1.2
300049,25.5,3.2,1.2
300046,25.5,3.2,1.2
300040,25.5,3.2,1.2
300018,25.5,3.2,1.2
200037,25.5,3.2,1.2
002999,25.5,3.2,1.2
002982,25.5,3.2,1.2
002921,25.5,3.2,1.2
002741,25.5,3.2,1.2
002728,25.5,3.2,1.2
002651,25.5,3.2,1.2
002628,25.5,3.2,1.2
002603,25.5,3.2,1.2
002440,25.5,3.2,1.2
002377,25.5,3.2,1.2
002295,25.5,3.2,1.2
002213,25.5,3.2,1.2
002151,25.5,3.2,1.2
002137,25.5,3.2,1.2
002054,25.5,3.2,1.2
001314,25.5,3.2,1.2
001225,25.5,3.2,1.2
000782,25.5,3.2,1.2
000670,25.5,3.2,1.2
000519,25.5,3.2,1.2
000504,25.5,3.2,1.2
000037,25.5,3.2,1.2
000014,25.5,3.2,1.2
688795,25.5,3.2,1.2
688701,25.5,3.2,1.2
688619,25.5,3.2,1.2
688469,25.5,3.2,1.2
688450,25.5,3.2,1.2
688229,25.5,3.2,1.2
688223,25.5,3.2,1.2
688220,25.5,3.2,1.2
688130,25.5,3.2,1.2
688091,25.5,3.2,1.2
605358,25.5,3.2,1.2
605318,25.5,3.2,1.2
605289,25.5,3.2,1.2
605178,25.5,3.2,1.2
605158,25.5,3.2,1.2
603819,25.5,3.2,1.2
603801,25.5,3.2,1.2
603708,25.5,3.2,1.2
603500,25.5,3.2,1.2
603330,25.5,3.2,1.2
603296,25.5,3.2,1.2
603276,25.5,3.2,1.2
603087,25.5,3.2,1.2
603001,25.5,3.2,1.2
601908,25.5,3.2,1.2
601727,25.5,3.2,1.2
600860,25.5,3.2,1.2
600706,25.5,3.2,1.2
600657,25.5,3.2,1.2
600594,25.5,3.2,1.2
600256,25.5,3.2,1.2
600160,25.5,3.2,1.2
301320,25.5,3.2,1.2
301199,25.5,3.2,1.2
300867,25.5,3.2,1.2
300711,25.5,3.2,1.2
300573,25.5,3.2,1.2
300391,25.5,3.2,1.2
300363,25.5,3.2,1.2
300296,25.5,3.2,1.2
300115,25.5,3.2,1.2
300085,25.5,3.2,1.2
300071,25.5,3.2,1.2
300048,25.5,3.2,1.2
002747,25.5,3.2,1.2
002734,25.5,3.2,1.2
002636,25.5,3.2,1.2
002587,25.5,3.2,1.2
002553,25.5,3.2,1.2
002487,25.5,3.2,1.2
002420,25.5,3.2,1.2
002373,25.5,3.2,1.2
002307,25.5,3.2,1.2
002217,25.5,3.2,1.2
002206,25.5,3.2,1.2
001309,25.5,3.2,1.2
000691,25.5,3.2,1.2
000415,25.5,3.2,1.2
688783,25.5,3.2,1.2
688700,25.5,3.2,1.2
688630,25.5,3.2,1.2
688282,25.5,3.2,1.2
688172,25.5,3.2,1.2
688084,25.5,3.2,1.2
605339,25.5,3.2,1.2
605303,25.5,3.2,1.2
605166,25.5,3.2,1.2
605136,25.5,3.2,1.2
603958,25.5,3.2,1.2
603863,25.5,3.2,1.2
603839,25.5,3.2,1.2
603779,25.5,3.2,1.2
603778,25.5,3.2,1.2
603682,25.5,3.2,1.2
603659,25.5,3.2,1.2
603636,25.5,3.2,1.2
603566,25.5,3.2,1.2
603466,25.5,3.2,1.2
603377,25.5,3.2,1.2
603335,25.5,3.2,1.2
603258,25.5,3.2,1.2
603223,25.5,3.2,1.2
603185,25.5,3.2,1.2
603127,25.5,3.2,1.2
601933,25.5,3.2,1.2
600855,25.5,3.2,1.2
600597,25.5,3.2,1.2
600595,25.5,3.2,1.2
600579,25.5,3.2,1.2
600520,25.5,3.2,1.2
600423,25.5,3.2,1.2
600322,25.5,3.2,1.2
600241,25.5,3.2,1.2
600156,25.5,3.2,1.2
600075,25.5,3.2,1.2
600073,25.5,3.2,1.2
301511,25.5,3.2,1.2
301383,25.5,3.2,1.2
301111,25.5,3.2,1.2
301090,25.5,3.2,1.2
301066,25.5,3.2,1.2
301031,25.5,3.2,1.2
300990,25.5,3.2,1.2
300973,25.5,3.2,1.2
300856,25.5,3.2,1.2
300836,25.5,3.2,1.2
300706,25.5,3.2,1.2
300668,25.5,3.2,1.2
300592,25.5,3.2,1.2
300508,25.5,3.2,1.2
300478,25.5,3.2,1.2
300438,25.5,3.2,1.2
300416,25.5,3.2,1.2
300395,25.5,3.2,1.2
300394,25.5,3.2,1.2
300221,25.5,3.2,1.2
300092,25.5,3.2,1.2
300042,25.5,3.2,1.2
002886,25.5,3.2,1.2
002787,25.5,3.2,1.2
002669,25.5,3.2,1.2
002612,25.5,3.2,1.2
002549,25.5,3.2,1.2
002545,25.5,3.2,1.2
002448,25.5,3.2,1.2
002437,25.5,3.2,1.2
002302,25.5,3.2,1.2
002290,25.5,3.2,1.2
002279,25.5,3.2,1.2
002211,25.5,3.2,1.2
002209,25.5,3.2,1.2
002170,25.5,3.2,1.2
002156,25.5,3.2,1.2
002109,25.5,3.2,1.2
002039,25.5,3.2,1.2
002004,25.5,3.2,1.2
001210,25.5,3.2,1.2
000987,25.5,3.2,1.2
000833,25.5,3.2,1.2
000791,25.5,3.2,1.2
000729,25.5,3.2,1.2
000686,25.5,3.2,1.2
000600,25.5,3.2,1.2
000554,25.5,3.2,1.2
000059,25.5,3.2,1.2
920819,25.5,3.2,1.2
900946,25.5,3.2,1.2
900921,25.5,3.2,1.2
900902,25.5,3.2,1.2
688709,25.5,3.2,1.2
688680,25.5,3.2,1.2
688668,25.5,3.2,1.2
688631,25.5,3.2,1.2
688599,25.5,3.2,1.2
688511,25.5,3.2,1.2
688416,25.5,3.2,1.2
688184,25.5,3.2,1.2
688158,25.5,3.2,1.2
605566,25.5,3.2,1.2
605399,25.5,3.2,1.2
605388,25.5,3.2,1.2
605366,25.5,3.2,1.2
605151,25.5,3.2,1.2
603991,25.5,3.2,1.2
603968,25.5,3.2,1.2
603912,25.5,3.2,1.2
603908,25.5,3.2,1.2
603825,25.5,3.2,1.2
603776,25.5,3.2,1.2
603768,25.5,3.2,1.2
603767,25.5,3.2,1.2
603759,25.5,3.2,1.2
603722,25.5,3.2,1.2
603719,25.5,3.2,1.2
603717,25.5,3.2,1.2
603712,25.5,3.2,1.2
603660,25.5,3.2,1.2
603633,25.5,3.2,1.2
603618,25.5,3.2,1.2
603536,25.5,3.2,1.2
603458,25.5,3.2,1.2
603421,25.5,3.2,1.2
603375,25.5,3.2,1.2
603356,25.5,3.2,1.2
603318,25.5,3.2,1.2
603316,25.5,3.2,1.2
603286,25.5,3.2,1.2
603230,25.5,3.2,1.2
603137,25.5,3.2,1.2
603131,25.5,3.2,1.2
603110,25.5,3.2,1.2
603077,25.5,3.2,1.2
603051,25.5,3.2,1.2
603031,25.5,3.2,1.2
601718,25.5,3.2,1.2
601700,25.5,3.2,1.2
601677,25.5,3.2,1.2
601568,25.5,3.2,1.2
601113,25.5,3.2,1.2
600975,25.5,3.2,1.2
600935,25.5,3.2,1.2
600925,25.5,3.2,1.2
600881,25.5,3.2,1.2
600865,25.5,3.2,1.2
600847,25.5,3.2,1.2
600844,25.5,3.2,1.2
600807,25.5,3.2,1.2
600800,25.5,3.2,1.2
600779,25.5,3.2,1.2
600773,25.5,3.2,1.2
600748,25.5,3.2,1.2
600743,25.5,3.2,1.2
600733,25.5,3.2,1.2
600716,25.5,3.2,1.2
600698,25.5,3.2,1.2
600691,25.5,3.2,1.2
600688,25.5,3.2,1.2
600682,25.5,3.2,1.2
600658,25.5,3.2,1.2
600641,25.5,3.2,1.2
600629,25.5,3.2,1.2
600604,25.5,3.2,1.2
600540,25.5,3.2,1.2
600539,25.5,3.2,1.2
600516,25.5,3.2,1.2
600503,25.5,3.2,1.2
600493,25.5,3.2,1.2
600463,25.5,3.2,1.2
600400,25.5,3.2,1.2
600386,25.5,3.2,1.2
600373,25.5,3.2,1.2
600370,25.5,3.2,1.2
600333,25.5,3.2,1.2
600330,25.5,3.2,1.2
600319,25.5,3.2,1.2
600250,25.5,3.2,1.2
600246,25.5,3.2,1.2
600239,25.5,3.2,1.2
600235,25.5,3.2,1.2
600203,25.5,3.2,1.2
600198,25.5,3.2,1.2
600185,25.5,3.2,1.2
600173,25.5,3.2,1.2
600165,25.5,3.2,1.2
600162,25.5,3.2,1.2
600159,25.5,3.2,1.2
600117,25.5,3.2,1.2
600048,25.5,3.2,1.2
301518,25.5,3.2,1.2
301331,25.5,3.2,1.2
301286,25.5,3.2,1.2
301116,25.5,3.2,1.2
301069,25.5,3.2,1.2
301003,25.5,3.2,1.2
300970,25.5,3.2,1.2
300964,25.5,3.2,1.2
300809,25.5,3.2,1.2
300790,25.5,3.2,1.2
300761,25.5,3.2,1.2
300684,25.5,3.2,1.2
300682,25.5,3.2,1.2
300458,25.5,3.2,1.2
300403,25.5,3.2,1.2
300054,25.5,3.2,1.2
300044,25.5,3.2,1.2
300033,25.5,3.2,1.2
300012,25.5,3.2,1.2
003035,25.5,3.2,1.2
002977,25.5,3.2,1.2
002918,25.5,3.2,1.2
002842,25.5,3.2,1.2
002813,25.5,3.2,1.2
002803,25.5,3.2,1.2
002689,25.5,3.2,1.2
002527,25.5,3.2,1.2
002406,25.5,3.2,1.2
002309,25.5,3.2,1.2
001298,25.5,3.2,1.2
000978,25.5,3.2,1.2
000695,25.5,3.2,1.2
000635,25.5,3.2,1.2
000066,25.5,3.2,1.2
920445,25.5,3.2,1.2
920119,25.5,3.2,1.2
920077,25.5,3.2,1.2
688308,25.5,3.2,1.2
603937,25.5,3.2,1.2
603326,25.5,3.2,1.2
601456,25.5,3.2,1.2
601012,25.5,3.2,1.2
600996,25.5,3.2,1.2
600732,25.5,3.2,1.2
600665,25.5,3.2,1.2
600438,25.5,3.2,1.2
301367,25.5,3.2,1.2
301358,25.5,3.2,1.2
301300,25.5,3.2,1.2
301232,25.5,3.2,1.2
301035,25.5,3.2,1.2
300518,25.5,3.2,1.2
300310,25.5,3.2,1.2
300206,25.5,3.2,1.2
300105,25.5,3.2,1.2
002970,25.5,3.2,1.2
688798,25.5,3.2,1.2
688671,25.5,3.2,1.2
688621,25.5,3.2,1.2
688598,25.5,3.2,1.2
688455,25.5,3.2,1.2
688435,25.5,3.2,1.2
688429,25.5,3.2,1.2
688420,25.5,3.2,1.2
688367,25.5,3.2,1.2
688316,25.5,3.2,1.2
688303,25.5,3.2,1.2
688290,25.5,3.2,1.2
688276,25.5,3.2,1.2
688068,25.5,3.2,1.2
688058,25.5,3.2,1.2
688008,25.5,3.2,1.2
605588,25.5,3.2,1.2
605300,25.5,3.2,1.2
605218,25.5,3.2,1.2
603982,25.5,3.2,1.2
603886,25.5,3.2,1.2
603777,25.5,3.2,1.2
603766,25.5,3.2,1.2
603721,25.5,3.2,1.2
603359,25.5,3.2,1.2
603213,25.5,3.2,1.2
603188,25.5,3.2,1.2
603159,25.5,3.2,1.2
603123,25.5,3.2,1.2
603083,25.5,3.2,1.2
603065,25.5,3.2,1.2
601996,25.5,3.2,1.2
601929,25.5,3.2,1.2
601519,25.5,3.2,1.2
601106,25.5,3.2,1.2
601016,25.5,3.2,1.2
600955,25.5,3.2,1.2
600939,25.5,3.2,1.2
600868,25.5,3.2,1.2
600833,25.5,3.2,1.2
600831,25.5,3.2,1.2
600791,25.5,3.2,1.2
600746,25.5,3.2,1.2
600738,25.5,3.2,1.2
600725,25.5,3.2,1.2
600719,25.5,3.2,1.2
600708,25.5,3.2,1.2
600683,25.5,3.2,1.2
600622,25.5,3.2,1.2
600586,25.5,3.2,1.2
600538,25.5,3.2,1.2
600536,25.5,3.2,1.2
600525,25.5,3.2,1.2
600446,25.5,3.2,1.2
600429,25.5,3.2,1.2
600418,25.5,3.2,1.2
600409,25.5,3.2,1.2
600399,25.5,3.2,1.2
600375,25.5,3.2,1.2
600371,25.5,3.2,1.2
600360,25.5,3.2,1.2
600310,25.5,3.2,1.2
600307,25.5,3.2,1.2
600172,25.5,3.2,1.2
600152,25.5,3.2,1.2
600149,25.5,3.2,1.2
600111,25.5,3.2,1.2
301022,25.5,3.2,1.2
002865,25.5,3.2,1.2
002766,25.5,3.2,1.2
002672,25.5,3.2,1.2
002518,25.5,3.2,1.2
002330,25.5,3.2,1.2
002180,25.5,3.2,1.2
002115,25.5,3.2,1.2
002006,25.5,3.2,1.2
001317,25.5,3.2,1.2
000868,25.5,3.2,1.2
000151,25.5,3.2,1.2
920476,25.5,3.2,1.2
900920,25.5,3.2,1.2
688690,25.5,3.2,1.2
688216,25.5,3.2,1.2
688117,25.5,3.2,1.2
688103,25.5,3.2,1.2
603993,25.5,3.2,1.2
603955,25.5,3.2,1.2
603898,25.5,3.2,1.2
603680,25.5,3.2,1.2
603626,25.5,3.2,1.2
603379,25.5,3.2,1.2
603298,25.5,3.2,1.2
603138,25.5,3.2,1.2
603007,25.5,3.2,1.2
601005,25.5,3.2,1.2
600989,25.5,3.2,1.2
600841,25.5,3.2,1.2
600491,25.5,3.2,1.2
600369,25.5,3.2,1.2
600325,25.5,3.2,1.2
600271,25.5,3.2,1.2
600104,25.5,3.2,1.2
600081,25.5,3.2,1.2
301246,25.5,3.2,1.2
301216,25.5,3.2,1.2
300966,25.5,3.2,1.2
300839,25.5,3.2,1.2
300563,25.5,3.2,1.2
300548,25.5,3.2,1.2
300476,25.5,3.2,1.2
300441,25.5,3.2,1.2
300358,25.5,3.2,1.2
300083,25.5,3.2,1.2
300034,25.5,3.2,1.2
200512,25.5,3.2,1.2
003027,25.5,3.2,1.2
002917,25.5,3.2,1.2
002759,25.5,3.2,1.2
002714,25.5,3.2,1.2
002394,25.5,3.2,1.2
002163,25.5,3.2,1.2
002101,25.5,3.2,1.2
001389,25.5,3.2,1.2
000757,25.5,3.2,1.2
000723,25.5,3.2,1.2
920159,25.5,3.2,1.2
920106,25.5,3.2,1.2
688702,25.5,3.2,1.2
688538,25.5,3.2,1.2
688528,25.5,3.2,1.2
688126,25.5,3.2,1.2
605055,25.5,3.2,1.2
605020,25.5,3.2,1.2
605006,25.5,3.2,1.2
603992,25.5,3.2,1.2
603956,25.5,3.2,1.2
603818,25.5,3.2,1.2
603186,25.5,3.2,1.2
603061,25.5,3.2,1.2
601992,25.5,3.2,1.2
601798,25.5,3.2,1.2
601588,25.5,3.2,1.2
600500,25.5,3.2,1.2
600403,25.5,3.2,1.2
301607,25.5,3.2,1.2
301584,25.5,3.2,1.2
301055,25.5,3.2,1.2
300995,25.5,3.2,1.2
300984,25.5,3.2,1.2
300953,25.5,3.2,1.2
300851,25.5,3.2,1.2
300824,25.5,3.2,1.2
300796,25.5,3.2,1.2
300779,25.5,3.2,1.2
300765,25.5,3.2,1.2
300723,25.5,3.2,1.2
300628,25.5,3.2,1.2
300511,25.5,3.2,1.2
300474,25.5,3.2,1.2
300446,25.5,3.2,1.2
300224,25.5,3.2,1.2
002969,25.5,3.2,1.2
002534,25.5,3.2,1.2
002405,25.5,3.2,1.2
002299,25.5,3.2,1.2
001212,25.5,3.2,1.2
000859,25.5,3.2,1.2
000430,25.5,3.2,1.2
000401,25.5,3.2,1.2
000032,25.5,3.2,1.2
688525,25.5,3.2,1.2
605499,25.5,3.2,1.2
603773,25.5,3.2,1.2
603352,25.5,3.2,1.2
601015,25.5,3.2,1.2
600916,25.5,3.2,1.2
600588,25.5,3.2,1.2
600537,25.5,3.2,1.2
600340,25.5,3.2,1.2
600231,25.5,3.2,1.2
600135,25.5,3.2,1.2
300842,25.5,3.2,1.2
300736,25.5,3.2,1.2
300625,25.5,3.2,1.2
300452,25.5,3.2,1.2
300197,25.5,3.2,1.2
002879,25.5,3.2,1.2
002240,25.5,3.2,1.2
002129,25.5,3.2,1.2
002107,25.5,3.2,1.2
001283,25.5,3.2,1.2
000738,25.5,3.2,1.2
000100,25.5,3.2,1.2
688192,25.5,3.2,1.2
688005,25.5,3.2,1.2
603663,25.5,3.2,1.2
603259,25.5,3.2,1.2
600186,25.5,3.2,1.2
301219,25.5,3.2,1.2
301211,25.5,3.2,1.2
301200,25.5,3.2,1.2
300782,25.5,3.2,1.2
300773,25.5,3.2,1.2
300759,25.5,3.2,1.2
300667,25.5,3.2,1.2
300364,25.5,3.2,1.2
300138,25.5,3.2,1.2
002942,25.5,3.2,1.2
002459,25.5,3.2,1.2
002345,25.5,3.2,1.2
002284,25.5,3.2,1.2
000408,25.5,3.2,1.2
920076,25.5,3.2,1.2
605555,25.5,3.2,1.2
600990,25.5,3.2,1.2
300926,25.5,3.2,1.2
300122,25.5,3.2,1.2
688777,25.5,3.2,1.2
688707,25.5,3.2,1.2
688660,25.5,3.2,1.2
688508,25.5,3.2,1.2
688208,25.5,3.2,1.2
600685,25.5,3.2,1.2
600606,25.5,3.2,1.2
600501,25.5,3.2,1.2
688362,25.5,3.2,1.2
603895,25.5,3.2,1.2
601872,25.5,3.2,1.2
300887,25.5,3.2,1.2
300871,25.5,3.2,1.2
300627,25.5,3.2,1.2
002925,25.5,3.2,1.2
920050,25.5,3.2,1.2
688516,25.5,3.2,1.2
688332,25.5,3.2,1.2
603590,25.5,3.2,1.2
603589,25.5,3.2,1.2
603588,25.5,3.2,1.2
603309,25.5,3.2,1.2
600435,25.5,3.2,1.2
600189,25.5,3.2,1.2
300905,25.5,3.2,1.2
300748,25.5,3.2,1.2
300505,25.5,3.2,1.2
300498,25.5,3.2,1.2
300389,25.5,3.2,1.2
002258,25.5,3.2,1.2
603799,25.5,3.2,1.2
600988,25.5,3.2,1.2
600983,25.5,3.2,1.2
301345,25.5,3.2,1.2
300435,25.5,3.2,1.2
002846,25.5,3.2,1.2
002757,25.5,3.2,1.2
002598,25.5,3.2,1.2
002444,25.5,3.2,1.2
002204,25.5,3.2,1.2
002080,25.5,3.2,1.2
603402,25.5,3.2,1.2
601339,25.5,3.2,1.2
301606,25.5,3.2,1.2
301377,25.5,3.2,1.2
300428,25.5,3.2,1.2
003017,25.5,3.2,1.2
920086,25.5,3.2,1.2
601899,25.5,3.2,1.2
301078,25.5,3.2,1.2
300620,25.5,3.2,1.2
002709,25.5,3.2,1.2
002010,25.5,3.2,1.2
000959,25.5,3.2,1.2
000932,25.5,3.2,1.2
000792,25.5,3.2,1.2
301687,25.5,3.2,1.2
920078,25.5,3.2,1.2
001369,25.5,3.2,1.2
001396,25.5,3.2,1.2
920036,25.5,3.2,1.2
688805,25.5,3.2,1.2
002050,25.5,3.2,1.2
603248,25.5,3.2,1.2
301667,25.5,3.2,1.2
301449,25.5,3.2,1.2
688807,25.5,3.2,1.2
001325,25.5,3.2,1.2
920121,25.5,3.2,1.2
920183,25.5,3.2,1.2
920168,25.5,3.2,1.2
920187,25.5,3.2,1.2
001280,25.5,3.2,1.2
001233,25.5,3.2,1.2
920035,25.5,3.2,1.2
688727,25.5,3.2,1.2
301638,25.5,3.2,1.2
920124,25.5,3.2,1.2
920166,25.5,3.2,1.2
603334,25.5,3.2,1.2
002821,25.5,3.2,1.2
002475,25.5,3.2,1.2
920160,25.5,3.2,1.2
603376,25.5,3.2,1.2
920003,25.5,3.2,1.2
688550,25.5,3.2,1.2
603175,25.5,3.2,1.2
920009,25.5,3.2,1.2
688772,25.5,3.2,1.2
601628,25.5,3.2,1.2
002616,25.5,3.2,1.2
600323,25.5,3.2,1.2
600262,25.5,3.2,1.2
688768,25.5,3.2,1.2
300005,25.5,3.2,1.2
001386,25.5,3.2,1.2
688758,25.5,3.2,1.2
688591,25.5,3.2,1.2
688089,25.5,3.2,1.2
603026,25.5,3.2,1.2
002488,25.5,3.2,1.2
002044,25.5,3.2,1.2
688582,25.5,3.2,1.2
688255,25.5,3.2,1.2
601083,25.5,3.2,1.2
600558,25.5,3.2,1.2
600210,25.5,3.2,1.2
601336,25.5,3.2,1.2
002935,25.5,3.2,1.2
002838,25.5,3.2,1.2
002600,25.5,3.2,1.2
920020,25.5,3.2,1.2
601026,25.5,3.2,1.2
300818,25.5,3.2,1.2
002056,25.5,3.2,1.2
600673,25.5,3.2,1.2
000950,25.5,3.2,1.2
300373,25.5,3.2,1.2
600063,25.5,3.2,1.2
301563,25.5,3.2,1.2
001285,25.5,3.2,1.2
920158,25.5,3.2,1.2
603418,25.5,3.2,1.2
301656,25.5,3.2,1.2
920080,25.5,3.2,1.2
301668,25.5,3.2,1.2
920015,25.5,3.2,1.2
920022,25.5,3.2,1.2
301575,25.5,3.2,1.2
920091,25.5,3.2,1.2
603370,25.5,3.2,1.2
920016,25.5,3.2,1.2
920058,25.5,3.2,1.2
920570,25.5,3.2,1.2
920100,25.5,3.2,1.2
601058,25.5,3.2,1.2
600760,25.5,3.2,1.2
600346,25.5,3.2,1.2
600188,25.5,3.2,1.2
920056,25.5,3.2,1.2
600345,25.5,3.2,1.2
920018,25.5,3.2,1.2
301632,25.5,3.2,1.2
603501,25.5,3.2,1.2
920101,25.5,3.2,1.2
603406,25.5,3.2,1.2
600028,25.5,3.2,1.2
688696,25.5,3.2,1.2
688484,25.5,3.2,1.2
301491,25.5,3.2,1.2
300724,25.5,3.2,1.2
688480,25.5,3.2,1.2
688123,25.5,3.2,1.2
688678,25.5,3.2,1.2
920007,25.5,3.2,1.2
688597,25.5,3.2,1.2
301251,25.5,3.2,1.2
001221,25.5,3.2,1.2
688351,25.5,3.2,1.2
300801,25.5,3.2,1.2
688789,25.5,3.2,1.2
688787,25.5,3.2,1.2
688665,25.5,3.2,1.2
688615,25.5,3.2,1.2
688249,25.5,3.2,1.2
688143,25.5,3.2,1.2
688035,25.5,3.2,1.2
603262,25.5,3.2,1.2
002850,25.5,3.2,1.2
301132,25.5,3.2,1.2
000713,25.5,3.2,1.2
920005,25.5,3.2,1.2
301609,25.5,3.2,1.2
301086,25.5,3.2,1.2
300408,25.5,3.2,1.2
603106,25.5,3.2,1.2
688449,25.5,3.2,1.2
601881,25.5,3.2,1.2
300100,25.5,3.2,1.2
002648,25.5,3.2,1.2
900934,25.5,3.2,1.2
688608,25.5,3.2,1.2
688016,25.5,3.2,1.2
605398,25.5,3.2,1.2
605198,25.5,3.2,1.2
605186,25.5,3.2,1.2
603860,25.5,3.2,1.2
603738,25.5,3.2,1.2
603727,25.5,3.2,1.2
603696,25.5,3.2,1.2
603681,25.5,3.2,1.2
603656,25.5,3.2,1.2
603628,25.5,3.2,1.2
603508,25.5,3.2,1.2
603507,25.5,3.2,1.2
603496,25.5,3.2,1.2
603329,25.5,3.2,1.2
603327,25.5,3.2,1.2
603311,25.5,3.2,1.2
603310,25.5,3.2,1.2
603291,25.5,3.2,1.2
603272,25.5,3.2,1.2
603270,25.5,3.2,1.2
603220,25.5,3.2,1.2
603172,25.5,3.2,1.2
603099,25.5,3.2,1.2
603063,25.5,3.2,1.2
601900,25.5,3.2,1.2
601865,25.5,3.2,1.2
601500,25.5,3.2,1.2
601368,25.5,3.2,1.2
601311,25.5,3.2,1.2
601099,25.5,3.2,1.2
601066,25.5,3.2,1.2
601059,25.5,3.2,1.2
600986,25.5,3.2,1.2
600981,25.5,3.2,1.2
600977,25.5,3.2,1.2
600893,25.5,3.2,1.2
600877,25.5,3.2,1.2
600798,25.5,3.2,1.2
600782,25.5,3.2,1.2
600754,25.5,3.2,1.2
600749,25.5,3.2,1.2
600737,25.5,3.2,1.2
600714,25.5,3.2,1.2
600671,25.5,3.2,1.2
600649,25.5,3.2,1.2
600638,25.5,3.2,1.2
600633,25.5,3.2,1.2
600626,25.5,3.2,1.2
600571,25.5,3.2,1.2
600499,25.5,3.2,1.2
600469,25.5,3.2,1.2
600410,25.5,3.2,1.2
600329,25.5,3.2,1.2
600232,25.5,3.2,1.2
600216,25.5,3.2,1.2
600202,25.5,3.2,1.2
600201,25.5,3.2,1.2
600143,25.5,3.2,1.2
600084,25.5,3.2,1.2
301093,25.5,3.2,1.2
300357,25.5,3.2,1.2
300160,25.5,3.2,1.2
002991,25.5,3.2,1.2
002961,25.5,3.2,1.2
002947,25.5,3.2,1.2
002938,25.5,3.2,1.2
002931,25.5,3.2,1.2
002912,25.5,3.2,1.2
002895,25.5,3.2,1.2
002881,25.5,3.2,1.2
002845,25.5,3.2,1.2
002825,25.5,3.2,1.2
002755,25.5,3.2,1.2
002746,25.5,3.2,1.2
002738,25.5,3.2,1.2
002721,25.5,3.2,1.2
002701,25.5,3.2,1.2
002687,25.5,3.2,1.2
002679,25.5,3.2,1.2
002649,25.5,3.2,1.2
002626,25.5,3.2,1.2
002597,25.5,3.2,1.2
002510,25.5,3.2,1.2
002500,25.5,3.2,1.2
002494,25.5,3.2,1.2
002479,25.5,3.2,1.2
002470,25.5,3.2,1.2
002456,25.5,3.2,1.2
002350,25.5,3.2,1.2
002339,25.5,3.2,1.2
002327,25.5,3.2,1.2
002313,25.5,3.2,1.2
002263,25.5,3.2,1.2
002244,25.5,3.2,1.2
002225,25.5,3.2,1.2
002181,25.5,3.2,1.2
002161,25.5,3.2,1.2
002079,25.5,3.2,1.2
002025,25.5,3.2,1.2
002015,25.5,3.2,1.2
002008,25.5,3.2,1.2
001380,25.5,3.2,1.2
001287,25.5,3.2,1.2
001266,25.5,3.2,1.2
001259,25.5,3.2,1.2
001239,25.5,3.2,1.2
000975,25.5,3.2,1.2
000960,25.5,3.2,1.2
000949,25.5,3.2,1.2
000936,25.5,3.2,1.2
000803,25.5,3.2,1.2
000719,25.5,3.2,1.2
000690,25.5,3.2,1.2
000567,25.5,3.2,1.2
000526,25.5,3.2,1.2
000155,25.5,3.2,1.2
603890,25.5,3.2,1.2
603811,25.5,3.2,1.2
600109,25.5,3.2,1.2
301107,25.5,3.2,1.2
301061,25.5,3.2,1.2
300643,25.5,3.2,1.2
300119,25.5,3.2,1.2
300001,25.5,3.2,1.2
002777,25.5,3.2,1.2
002245,25.5,3.2,1.2
605189,25.5,3.2,1.2
605056,25.5,3.2,1.2
603697,25.5,3.2,1.2
603358,25.5,3.2,1.2
603312,25.5,3.2,1.2
603191,25.5,3.2,1.2
603109,25.5,3.2,1.2
603081,25.5,3.2,1.2
603060,25.5,3.2,1.2
603000,25.5,3.2,1.2
601766,25.5,3.2,1.2
601698,25.5,3.2,1.2
600906,25.5,3.2,1.2
600882,25.5,3.2,1.2
600620,25.5,3.2,1.2
600616,25.5,3.2,1.2
600495,25.5,3.2,1.2
600488,25.5,3.2,1.2
600449,25.5,3.2,1.2
600419,25.5,3.2,1.2
600367,25.5,3.2,1.2
600268,25.5,3.2,1.2
600176,25.5,3.2,1.2
600127,25.5,3.2,1.2
600120,25.5,3.2,1.2
600116,25.5,3.2,1.2
600097,25.5,3.2,1.2
600058,25.5,3.2,1.2
003002,25.5,3.2,1.2
002945,25.5,3.2,1.2
002852,25.5,3.2,1.2
002736,25.5,3.2,1.2
002671,25.5,3.2,1.2
002396,25.5,3.2,1.2
002212,25.5,3.2,1.2
001236,25.5,3.2,1.2
000823,25.5,3.2,1.2
000800,25.5,3.2,1.2
000421,25.5,3.2,1.2
000096,25.5,3.2,1.2
000089,25.5,3.2,1.2
605259,25.5,3.2,1.2
603877,25.5,3.2,1.2
603325,25.5,3.2,1.2
603236,25.5,3.2,1.2
601127,25.5,3.2,1.2
600930,25.5,3.2,1.2
600866,25.5,3.2,1.2
600864,25.5,3.2,1.2
600839,25.5,3.2,1.2
600812,25.5,3.2,1.2
600118,25.5,3.2,1.2
301165,25.5,3.2,1.2
300859,25.5,3.2,1.2
300610,25.5,3.2,1.2
300201,25.5,3.2,1.2
200045,25.5,3.2,1.2
002967,25.5,3.2,1.2
002823,25.5,3.2,1.2
002463,25.5,3.2,1.2
002461,25.5,3.2,1.2
000965,25.5,3.2,1.2
000850,25.5,3.2,1.2
000045,25.5,3.2,1.2
603806,25.5,3.2,1.2
603101,25.5,3.2,1.2
601607,25.5,3.2,1.2
600765,25.5,3.2,1.2
600576,25.5,3.2,1.2
600354,25.5,3.2,1.2
002611,25.5,3.2,1.2
002434,25.5,3.2,1.2
001339,25.5,3.2,1.2
001268,25.5,3.2,1.2
605589,25.5,3.2,1.2
603979,25.5,3.2,1.2
300652,25.5,3.2,1.2
300371,25.5,3.2,1.2
300181,25.5,3.2,1.2
200992,25.5,3.2,1.2
002783,25.5,3.2,1.2
002311,25.5,3.2,1.2
002255,25.5,3.2,1.2
002233,25.5,3.2,1.2
000988,25.5,3.2,1.2
000807,25.5,3.2,1.2
688018,25.5,3.2,1.2
601975,25.5,3.2,1.2
600482,25.5,3.2,1.2
002281,25.5,3.2,1.2
000810,25.5,3.2,1.2
000655,25.5,3.2,1.2
688729,25.5,3.2,1.2
001391,25.5,3.2,1.2
603162,25.5,3.2,1.2
603049,25.5,3.2,1.2
600961,25.5,3.2,1.2
920112,25.5,3.2,1.2
002093,25.5,3.2,1.2
002001,25.5,3.2,1.2
600415,25.5,3.2,1.2
001388,25.5,3.2,1.2
301630,25.5,3.2,1.2
603400,25.5,3.2,1.2
688692,25.5,3.2,1.2
688652,25.5,3.2,1.2
301678,25.5,3.2,1.2
603382,25.5,3.2,1.2
688775,25.5,3.2,1.2
920027,25.5,3.2,1.2
001390,25.5,3.2,1.2
301595,25.5,3.2,1.2
603014,25.5,3.2,1.2
688755,25.5,3.2,1.2
301560,25.5,3.2,1.2
603202,25.5,3.2,1.2
600582,25.5,3.2,1.2
301187,25.5,3.2,1.2
002532,25.5,3.2,1.2
002486,25.5,3.2,1.2
600755,25.5,3.2,1.2
200725,25.5,3.2,1.2
000725,25.5,3.2,1.2
605117,25.5,3.2,1.2
603120,25.5,3.2,1.2
600609,25.5,3.2,1.2
300623,25.5,3.2,1.2
300218,25.5,3.2,1.2
002836,25.5,3.2,1.2
002384,25.5,3.2,1.2
000935,25.5,3.2,1.2
000862,25.5,3.2,1.2
601319,25.5,3.2,1.2
001335,25.5,3.2,1.2
603662,25.5,3.2,1.2
000593,25.5,3.2,1.2
688026,25.5,3.2,1.2
301158,25.5,3.2,1.2
200625,25.5,3.2,1.2
001400,25.5,3.2,1.2
000625,25.5,3.2,1.2
605016,25.5,3.2,1.2
601866,25.5,3.2,1.2
601688,25.5,3.2,1.2
600909,25.5,3.2,1.2
600483,25.5,3.2,1.2
000962,25.5,3.2,1.2
688722,25.5,3.2,1.2
688584,25.5,3.2,1.2
605286,25.5,3.2,1.2
603920,25.5,3.2,1.2
603693,25.5,3.2,1.2
600895,25.5,3.2,1.2
600764,25.5,3.2,1.2
600585,25.5,3.2,1.2
600584,25.5,3.2,1.2
600030,25.5,3.2,1.2
600016,25.5,3.2,1.2
001301,25.5,3.2,1.2
688252,25.5,3.2,1.2
603210,25.5,3.2,1.2
603199,25.5,3.2,1.2
601919,25.5,3.2,1.2
601816,25.5,3.2,1.2
601600,25.5,3.2,1.2
601018,25.5,3.2,1.2
600962,25.5,3.2,1.2
600018,25.5,3.2,1.2
002594,25.5,3.2,1.2
002371,25.5,3.2,1.2
001208,25.5,3.2,1.2
001207,25.5,3.2,1.2
603257,25.5,3.2,1.2
603529,25.5,3.2,1.2
600875,25.5,3.2,1.2
301658,25.5,3.2,1.2
301127,25.5,3.2,1.2
600834,25.5,3.2,1.2
000060,25.5,3.2,1.2
301535,25.5,3.2,1.2
300777,25.5,3.2,1.2
688757,25.5,3.2,1.2
603124,25.5,3.2,1.2
001382,25.5,3.2,1.2
920029,25.5,3.2,1.2
301501,25.5,3.2,1.2
603271,25.5,3.2,1.2
301479,25.5,3.2,1.2
301275,25.5,3.2,1.2
603409,25.5,3.2,1.2
688179,25.5,3.2,1.2
301173,25.5,3.2,1.2
301557,25.5,3.2,1.2
600552,25.5,3.2,1.2
600299,25.5,3.2,1.2
300661,25.5,3.2,1.2
300260,25.5,3.2,1.2
003012,25.5,3.2,1.2
688685,25.5,3.2,1.2
603861,25.5,3.2,1.2
603823,25.5,3.2,1.2
603726,25.5,3.2,1.2
603601,25.5,3.2,1.2
603332,25.5,3.2,1.2
601068,25.5,3.2,1.2
600428,25.5,3.2,1.2
600300,25.5,3.2,1.2
301032,25.5,3.2,1.2
300826,25.5,3.2,1.2
300775,25.5,3.2,1.2
900929,25.5,3.2,1.2
688618,25.5,3.2,1.2
688605,25.5,3.2,1.2
688306,25.5,3.2,1.2
688237,25.5,3.2,1.2
688131,25.5,3.2,1.2
688006,25.5,3.2,1.2
603809,25.5,3.2,1.2
603707,25.5,3.2,1.2
603699,25.5,3.2,1.2
603117,25.5,3.2,1.2
603066,25.5,3.2,1.2
601156,25.5,3.2,1.2
600596,25.5,3.2,1.2
600548,25.5,3.2,1.2
600388,25.5,3.2,1.2
600056,25.5,3.2,1.2
300540,25.5,3.2,1.2
002876,25.5,3.2,1.2
002763,25.5,3.2,1.2
002608,25.5,3.2,1.2
002521,25.5,3.2,1.2
002438,25.5,3.2,1.2
002419,25.5,3.2,1.2
002409,25.5,3.2,1.2
002398,25.5,3.2,1.2
002390,25.5,3.2,1.2
002344,25.5,3.2,1.2
002316,25.5,3.2,1.2
002241,25.5,3.2,1.2
002236,25.5,3.2,1.2
002224,25.5,3.2,1.2
002159,25.5,3.2,1.2
000919,25.5,3.2,1.2
000795,25.5,3.2,1.2
000733,25.5,3.2,1.2
000565,25.5,3.2,1.2
000009,25.5,3.2,1.2
920662,25.5,3.2,1.2
920564,25.5,3.2,1.2
920378,25.5,3.2,1.2
920185,25.5,3.2,1.2
920132,25.5,3.2,1.2
900918,25.5,3.2,1.2
688726,25.5,3.2,1.2
688551,25.5,3.2,1.2
688411,25.5,3.2,1.2
688360,25.5,3.2,1.2
688355,25.5,3.2,1.2
688253,25.5,3.2,1.2
688209,25.5,3.2,1.2
688129,25.5,3.2,1.2
688120,25.5,3.2,1.2
605080,25.5,3.2,1.2
603929,25.5,3.2,1.2
603733,25.5,3.2,1.2
603129,25.5,3.2,1.2
603025,25.5,3.2,1.2
603020,25.5,3.2,1.2
600872,25.5,3.2,1.2
600819,25.5,3.2,1.2
600702,25.5,3.2,1.2
600662,25.5,3.2,1.2
600379,25.5,3.2,1.2
600301,25.5,3.2,1.2
301387,25.5,3.2,1.2
301236,25.5,3.2,1.2
301205,25.5,3.2,1.2
301047,25.5,3.2,1.2
301038,25.5,3.2,1.2
300892,25.5,3.2,1.2
300882,25.5,3.2,1.2
300740,25.5,3.2,1.2
300680,25.5,3.2,1.2
300595,25.5,3.2,1.2
300546,25.5,3.2,1.2
300516,25.5,3.2,1.2
300512,25.5,3.2,1.2
300355,25.5,3.2,1.2
300321,25.5,3.2,1.2
300254,25.5,3.2,1.2
300252,25.5,3.2,1.2
300243,25.5,3.2,1.2
300222,25.5,3.2,1.2
300180,25.5,3.2,1.2
300171,25.5,3.2,1.2
300146,25.5,3.2,1.2
300070,25.5,3.2,1.2
300031,25.5,3.2,1.2
002984,25.5,3.2,1.2
002907,25.5,3.2,1.2
002782,25.5,3.2,1.2
002703,25.5,3.2,1.2
002683,25.5,3.2,1.2
002642,25.5,3.2,1.2
002637,25.5,3.2,1.2
002572,25.5,3.2,1.2
002550,25.5,3.2,1.2
002495,25.5,3.2,1.2
002185,25.5,3.2,1.2
002150,25.5,3.2,1.2
002094,25.5,3.2,1.2
002032,25.5,3.2,1.2
002019,25.5,3.2,1.2
000751,25.5,3.2,1.2
000636,25.5,3.2,1.2
000532,25.5,3.2,1.2
000409,25.5,3.2,1.2
920982,25.5,3.2,1.2
920856,25.5,3.2,1.2
920634,25.5,3.2,1.2
920422,25.5,3.2,1.2
900937,25.5,3.2,1.2
688626,25.5,3.2,1.2
688371,25.5,3.2,1.2
688056,25.5,3.2,1.2
605488,25.5,3.2,1.2
605268,25.5,3.2,1.2
603639,25.5,3.2,1.2
603337,25.5,3.2,1.2
603209,25.5,3.2,1.2
603193,25.5,3.2,1.2
603192,25.5,3.2,1.2
603160,25.5,3.2,1.2
603095,25.5,3.2,1.2
603055,25.5,3.2,1.2
601601,25.5,3.2,1.2
600726,25.5,3.2,1.2
600711,25.5,3.2,1.2
600561,25.5,3.2,1.2
600267,25.5,3.2,1.2
600008,25.5,3.2,1.2
301299,25.5,3.2,1.2
301282,25.5,3.2,1.2
301039,25.5,3.2,1.2
300992,25.5,3.2,1.2
300942,25.5,3.2,1.2
300907,25.5,3.2,1.2
300677,25.5,3.2,1.2
300658,25.5,3.2,1.2
300645,25.5,3.2,1.2
300577,25.5,3.2,1.2
300303,25.5,3.2,1.2
300010,25.5,3.2,1.2
002761,25.5,3.2,1.2
002661,25.5,3.2,1.2
002489,25.5,3.2,1.2
002242,25.5,3.2,1.2
002226,25.5,3.2,1.2
002192,25.5,3.2,1.2
001376,25.5,3.2,1.2
001226,25.5,3.2,1.2
000768,25.5,3.2,1.2
000603,25.5,3.2,1.2
000543,25.5,3.2,1.2
920971,25.5,3.2,1.2
920593,25.5,3.2,1.2
920527,25.5,3.2,1.2
920526,25.5,3.2,1.2
920403,25.5,3.2,1.2
920237,25.5,3.2,1.2
920111,25.5,3.2,1.2
920110,25.5,3.2,1.2
688307,25.5,3.2,1.2
688161,25.5,3.2,1.2
605333,25.5,3.2,1.2
605180,25.5,3.2,1.2
603995,25.5,3.2,1.2
603301,25.5,3.2,1.2
603058,25.5,3.2,1.2
600795,25.5,3.2,1.2
600580,25.5,3.2,1.2
600171,25.5,3.2,1.2
600025,25.5,3.2,1.2
600009,25.5,3.2,1.2
301115,25.5,3.2,1.2
301099,25.5,3.2,1.2
301033,25.5,3.2,1.2
301012,25.5,3.2,1.2
301004,25.5,3.2,1.2
300956,25.5,3.2,1.2
300870,25.5,3.2,1.2
300752,25.5,3.2,1.2
300703,25.5,3.2,1.2
300673,25.5,3.2,1.2
300640,25.5,3.2,1.2
300379,25.5,3.2,1.2
300228,25.5,3.2,1.2
300200,25.5,3.2,1.2
300164,25.5,3.2,1.2
300002,25.5,3.2,1.2
002972,25.5,3.2,1.2
002666,25.5,3.2,1.2
002606,25.5,3.2,1.2
002565,25.5,3.2,1.2
002483,25.5,3.2,1.2
002188,25.5,3.2,1.2
002166,25.5,3.2,1.2
